SITE_ID,DATE_TIME,ALBEDO_FLAG,COSMOS_VWC_FLAG,COSMOS_VWC_NO_SNOW_FLAG,CTS_EST_CRNS_FLAG,CTS_EST_SNOWFOX_FLAG,CTS_MOD_CORR_FLAG,CTS_SNOWFOX_CORR_FLAG,D86_1M_FLAG,D86_5M_FLAG,D86_25M_FLAG,D86_75M_FLAG,D86_150M_FLAG,D86_200M_FLAG,EFF_DEPTH_FLAG,G1_FLAG,G2_FLAG,LWIN_FLAG,LWOUT_FLAG,MSLP_FLAG,PA_FLAG,PE_FLAG,PRECIP_FLAG,PRECIP_RAINE_FLAG,PRECIP_TIPPING_FLAG,Q_FLAG,RH_FLAG,RN_FLAG,SMI_FLAG,SNOW_FLAG,SNOWD_DISTANCE_COR_FLAG,STP_TSOIL2_FLAG,STP_TSOIL5_FLAG,STP_TSOIL10_FLAG,STP_TSOIL20_FLAG,STP_TSOIL50_FLAG,SWE_CRNS_FLAG,SWE_SNOWFOX_FLAG,SWIN_FLAG,SWOUT_FLAG,TA_FLAG,TA_MAX_FLAG,TA_MIN_FLAG,TDT1_TSOIL_FLAG,TDT2_TSOIL_FLAG,TDT3_TSOIL_FLAG,TDT4_TSOIL_FLAG,TDT5_TSOIL_FLAG,TDT6_TSOIL_FLAG,TDT7_TSOIL_FLAG,TDT8_TSOIL_FLAG,TDT9_TSOIL_FLAG,TDT10_TSOIL_FLAG,TDT1_VWC_FLAG,TDT2_VWC_FLAG,TDT3_VWC_FLAG,TDT4_VWC_FLAG,TDT5_VWC_FLAG,TDT6_VWC_FLAG,TDT7_VWC_FLAG,TDT8_VWC_FLAG,TDT9_VWC_FLAG,TDT10_VWC_FLAG,WD_FLAG,WS_FLAG,SIGMA_SWE_CRNS_FLAG,SIGMA_SWE_SNOWFOX_FLAG
ALIC1,02-JAN-24 00.00.00,,,,,,,M,,,,,,,,E,E,,,,,E,,M,M,,,,,,M,,,,,,,,,,,,,,,M,M,M,M,M,M,M,M,,,M,M,M,M,M,M,M,M,,,,
ALIC1,03-JAN-24 00.00.00,,,,,,,M,,,,,,,,E,E,,,,,E,,M,M,,,,,,M,,,,,,,,,,,,,,,M,M,M,M,M,M,M,M,,,M,M,M,M,M,M,M,M,,,,
ALIC1,04-JAN-24 00.00.00,,,,,,,M,,,,,,,,E,E,E,E,E,E,E,,M,M,E,E,E,,,M,,,,,,,,E,E,E,E,E,,,M,M,M,M,M,M,M,M,,,M,M,M,M,M,M,M,M,E,E,,
ALIC1,05-JAN-24 00.00.00,,,,,,,M,,,,,,,,E,E,,,,,E,,M,M,,,,,,M,,,,,,,,,,,,,,,M,M,M,M,M,M,M,M,,,M,M,M,M,M,M,M,M,,,,
ALIC1,06-JAN-24 00.00.00,E,,,,,,M,,,,,,,,E,E,E,E,E,E,E,,M,M,E,E,E,,,M,,,,,,,,E,E,E,E,E,,,M,M,M,M,M,M,M,M,,,M,M,M,M,M,M,M,M,E,E,,
ALIC1,07-JAN-24 00.00.00,,,,,,,M,,,,,,,,E,E,,,,,E,,M,M,,,,,,M,,,,,,,,,,,,,,,M,M,M,M,M,M,M,M,,,M,M,M,M,M,M,M,M,,,,
ALIC1,08-JAN-24 00.00.00,,,,,,,M,,,,,,,,E,E,,,,,E,,M,M,,,,,,M,,,,,,,,,,,,,,,M,M,M,M,M,M,M,M,,,M,M,M,M,M,M,M,M,,,,
ALIC1,09-JAN-24 00.00.00,,,,,,,M,,,,,,,,E,E,,,,,E,,M,M,,,,,,M,,,,,,,,,,,,,,,M,M,M,M,M,M,M,M,,,M,M,M,M,M,M,M,M,,,,
ALIC1,10-JAN-24 00.00.00,,,,,,,M,,,,,,,,E,E,,,,,E,,M,M,,,,,,M,,,,,,,,,,,,,,,M,M,M,M,M,M,M,M,,,M,M,M,M,M,M,M,M,,,,
ALIC1,11-JAN-24 00.00.00,,,,,,,M,,,,,,,,E,E,,,,,E,,M,M,,,,,,M,,,,,,,,,,,,,,,M,M,M,M,M,M,M,M,,,M,M,M,M,M,M,M,M,,,,
ALIC1,12-JAN-24 00.00.00,,,,,,,M,,,,,,,,E,E,,,,,E,,M,M,,,,,,M,,,,,,,,,,,,,,,M,M,M,M,M,M,M,M,,,M,M,M,M,M,M,M,M,,,,
ALIC1,13-JAN-24 00.00.00,,,,,,,M,,,,,,,,E,E,,,,,E,,M,M,,,,,,M,,,,,,,,,,,,,,,M,M,M,M,M,M,M,M,,,M,M,M,M,M,M,M,M,,,,
ALIC1,14-JAN-24 00.00.00,,,,,,,M,,,,,,,,E,E,,,,,E,,M,M,,,,,,M,,,,,,,,,,,,,,,M,M,M,M,M,M,M,M,,,M,M,M,M,M,M,M,M,,,,
ALIC1,15-JAN-24 00.00.00,,,,,,,M,,,,,,,,E,E,,,,,E,,M,M,,,,,,M,,,,,,,,,,,,,,,M,M,M,M,M,M,M,M,,,M,M,M,M,M,M,M,M,,,,
ALIC1,16-JAN-24 00.00.00,,,,,,,M,,,,,,,,E,E,,,,,E,,M,M,,,,,,M,,,,,,,,,,,,,,,M,M,M,M,M,M,M,M,,,M,M,M,M,M,M,M,M,,,,
ALIC1,17-JAN-24 00.00.00,,,,,,,M,,,,,,,,E,E,,,,,E,,M,M,,,,,,M,,,,,,,,,,,,,,,M,M,M,M,M,M,M,M,,,M,M,M,M,M,M,M,M,,,,
ALIC1,18-JAN-24 00.00.00,,,,,,,M,,,,,,,,E,E,,,,,E,,M,M,,,,,,M,,,,,,,,,,,,,,,M,M,M,M,M,M,M,M,,,M,M,M,M,M,M,M,M,,,,
ALIC1,19-JAN-24 00.00.00,,,,,,,M,,,,,,,,E,E,,,,,E,,M,M,,,,,,M,,,,,,,,,,,,,,,M,M,M,M,M,M,M,M,,,M,M,M,M,M,M,M,M,,,,
ALIC1,20-JAN-24 00.00.00,,,,,,,M,,,,,,,,E,E,,,,,E,,M,M,,,,,,M,,,,,,,,,,,,,,,M,M,M,M,M,M,M,M,,,M,M,M,M,M,M,M,M,,,,
ALIC1,21-JAN-24 00.00.00,,,,,,,M,,,,,,,,E,E,E,E,E,E,E,,M,M,E,E,E,,,M,,,,,,,,E,E,E,E,E,,,M,M,M,M,M,M,M,M,,,M,M,M,M,M,M,M,M,E,E,,
ALIC1,22-JAN-24 00.00.00,,,,,,,M,,,,,,,,E,E,,,,,E,,M,M,,,,,,M,,,,,,,,,,,,,,,M,M,M,M,M,M,M,M,,,M,M,M,M,M,M,M,M,,,,
ALIC1,23-JAN-24 00.00.00,,,,,,,M,,,,,,,,E,E,,,,,E,,M,M,,,,,,M,,,,,,,,,,,,,,,M,M,M,M,M,M,M,M,,,M,M,M,M,M,M,M,M,,,,
ALIC1,24-JAN-24 00.00.00,,,,,,,M,,,,,,,,E,E,,,,,E,,M,M,,,,,,M,,,,,,,,,,,,,,,M,M,M,M,M,M,M,M,,,M,M,M,M,M,M,M,M,,,,
ALIC1,25-JAN-24 00.00.00,,,,,,,M,,,,,,,,E,E,,,,,E,,M,M,,,,,,M,,,,,,,,,,,,,,,M,M,M,M,M,M,M,M,,,M,M,M,M,M,M,M,M,,,,
ALIC1,26-JAN-24 00.00.00,,,,,,,M,,,,,,,,E,E,,,,,E,,M,M,,,,,,M,,,,,,,,,,,,,,,M,M,M,M,M,M,M,M,,,M,M,M,M,M,M,M,M,,,,
ALIC1,27-JAN-24 00.00.00,,M,,,,M,M,M,M,M,M,M,M,M,E,E,E,E,M,M,M,,M,M,M,M,E,M,,M,,,,,,,,E,E,M,M,M,,,M,M,M,M,M,M,M,M,,,M,M,M,M,M,M,M,M,M,M,,
ALIC1,28-JAN-24 00.00.00,E,M,,,,M,M,M,M,M,M,M,M,M,E,E,E,E,M,M,M,,M,M,M,M,E,M,,M,,,,,,,,E,E,M,M,M,,,M,M,M,M,M,M,M,M,,,M,M,M,M,M,M,M,M,M,M,,
ALIC1,29-JAN-24 00.00.00,,M,,,,M,M,M,M,M,M,M,M,M,E,E,,,M,M,M,,M,M,M,M,,M,,M,,,,,,,,,,M,M,M,,,M,M,M,M,M,M,M,M,,,M,M,M,M,M,M,M,M,M,M,,
ALIC1,30-JAN-24 00.00.00,,M,,,,M,M,M,M,M,M,M,M,M,E,E,,,M,M,M,,M,M,M,M,,M,,M,,,,,,,,,,M,M,M,,,M,M,M,M,M,M,M,M,,,M,M,M,M,M,M,M,M,M,M,,
ALIC1,31-JAN-24 00.00.00,,M,,,,M,M,M,M,M,M,M,M,M,E,E,,,M,M,M,,M,M,M,M,,M,,M,,,,,,,,,,M,M,M,,,M,M,M,M,M,M,M,M,,,M,M,M,M,M,M,M,M,M,M,,
ALIC1,01-FEB-24 00.00.00,E,M,,,,M,M,M,M,M,M,M,M,M,M,M,E,E,M,M,M,M,M,M,M,M,E,M,,M,M,M,M,M,M,,,E,E,M,M,M,,,M,M,M,M,M,M,M,M,,,M,M,M,M,M,M,M,M,M,M,,
ALIC1,02-FEB-24 00.00.00,E,M,,,,M,M,M,M,M,M,M,M,M,M,M,E,E,M,M,M,,M,M,M,M,E,M,,M,,,,,,,,E,E,M,M,M,,,M,M,M,M,M,M,M,M,,,M,M,M,M,M,M,M,M,M,M,,
ALIC1,03-FEB-24 00.00.00,E,M,,,,M,M,M,M,M,M,M,M,M,E,E,E,E,M,M,M,M,M,M,M,M,E,M,,M,M,M,M,M,M,,,E,E,M,M,M,,,M,M,M,M,M,M,M,M,,,M,M,M,M,M,M,M,M,M,M,,
ALIC1,04-FEB-24 00.00.00,E,M,,,,M,M,M,M,M,M,M,M,M,M,M,E,E,M,M,M,,M,M,M,M,E,M,,M,,,,,,,,E,E,M,M,M,,,M,M,M,M,M,M,M,M,,,M,M,M,M,M,M,M,M,M,M,,
ALIC1,05-FEB-24 00.00.00,,M,,,,M,M,M,M,M,M,M,M,M,E,E,,,M,M,M,,M,M,M,M,,M,,M,,,,,,,,,,M,M,M,,,M,M,M,M,M,M,M,M,,,M,M,M,M,M,M,M,M,M,M,,
ALIC1,06-FEB-24 00.00.00,,M,,,,M,M,M,M,M,M,M,M,M,E,E,,,M,M,M,,M,M,M,M,,M,,M,,,,,,,,,,M,M,M,,,M,M,M,M,M,M,M,M,,,M,M,M,M,M,M,M,M,M,M,,
ALIC1,07-FEB-24 00.00.00,,M,,,,M,M,M,M,M,M,M,M,M,E,E,,,M,M,M,,M,M,M,M,,M,,M,,,,,,,,,,M,M,M,,,M,M,M,M,M,M,M,M,,,M,M,M,M,M,M,M,M,M,M,,
ALIC1,08-FEB-24 00.00.00,,M,,,,M,M,M,M,M,M,M,M,M,E,E,E,E,M,M,M,,M,M,M,M,E,M,,M,,,,,,,,E,E,M,M,M,,,M,M,M,M,M,M,M,M,,,M,M,M,M,M,M,M,M,M,M,,
ALIC1,09-FEB-24 00.00.00,,M,,,,M,M,M,M,M,M,M,M,M,E,E,,,M,M,M,,M,M,M,M,,M,,M,,,,,,,,,,M,M,M,,,M,M,M,M,M,M,M,M,,,M,M,M,M,M,M,M,M,M,M,,
ALIC1,10-FEB-24 00.00.00,,M,,,,M,M,M,M,M,M,M,M,M,E,E,,,M,M,M,,M,M,M,M,,M,,M,,,,,,,,,,M,M,M,,,M,M,M,M,M,M,M,M,,,M,M,M,M,M,M,M,M,M,M,,
ALIC1,11-FEB-24 00.00.00,,M,,,,M,M,M,M,M,M,M,M,M,E,E,,,M,M,M,,M,M,M,M,,M,,M,,,,,,,,,,M,M,M,,,M,M,M,M,M,M,M,M,,,M,M,M,M,M,M,M,M,M,M,,
ALIC1,12-FEB-24 00.00.00,E,M,,,,M,M,M,M,M,M,M,M,M,E,E,E,E,M,M,M,,M,M,M,M,E,M,,M,,,,,,,,E,E,M,M,M,,,M,M,M,M,M,M,M,M,,,M,M,M,M,M,M,M,M,M,M,,
ALIC1,13-FEB-24 00.00.00,E,M,,,,M,M,M,M,M,M,M,M,M,E,E,E,E,M,M,M,,M,M,M,M,E,M,,M,,,,,,,,E,E,M,M,M,,,M,M,M,M,M,M,M,M,,,M,M,M,M,M,M,M,M,M,M,,
ALIC1,14-FEB-24 00.00.00,,M,,,,M,M,M,M,M,M,M,M,M,E,E,,,M,M,M,,M,M,M,M,,M,,M,,,,,,,,,,M,M,M,,,M,M,M,M,M,M,M,M,,,M,M,M,M,M,M,M,M,M,M,,
ALIC1,15-FEB-24 00.00.00,,M,,,,M,M,M,M,M,M,M,M,M,E,E,,,M,M,M,,M,M,M,M,,M,,M,,,,,,,,,,M,M,M,,,M,M,M,M,M,M,M,M,,,M,M,M,M,M,M,M,M,M,M,,
ALIC1,16-FEB-24 00.00.00,,M,,,,M,M,M,M,M,M,M,M,M,E,E,,,M,M,M,,M,M,M,M,,M,,M,,,,,,,,,,M,M,M,,,M,M,M,M,M,M,M,M,,,M,M,M,M,M,M,M,M,M,M,,
ALIC1,17-FEB-24 00.00.00,,M,,,,M,M,M,M,M,M,M,M,M,E,E,,,M,M,M,,M,M,M,M,,M,,M,,,,,,,,,,M,M,M,,,M,M,M,M,M,M,M,M,,,M,M,M,M,M,M,M,M,M,M,,
ALIC1,18-FEB-24 00.00.00,,M,,,,M,M,M,M,M,M,M,M,M,E,E,,,M,M,M,,M,M,M,M,,M,,M,,,,,,,,,,M,M,M,,,M,M,M,M,M,M,M,M,,,M,M,M,M,M,M,M,M,M,M,,
ALIC1,19-FEB-24 00.00.00,,M,,,,M,M,M,M,M,M,M,M,M,E,E,,,M,M,M,,M,M,M,M,,M,,M,,,,,,,,,,M,M,M,,,M,M,M,M,M,M,M,M,,,M,M,M,M,M,M,M,M,M,M,,
ALIC1,20-FEB-24 00.00.00,,M,,,,M,M,M,M,M,M,M,M,M,E,E,,,M,M,M,,M,M,M,M,,M,,M,,,,,,,,,,M,M,M,,,M,M,M,M,M,M,M,M,,,M,M,M,M,M,M,M,M,M,M,,
ALIC1,21-FEB-24 00.00.00,,M,,,,M,M,M,M,M,M,M,M,M,E,E,,,M,M,M,,M,M,M,M,,M,,M,,,,,,,,,,M,M,M,,,M,M,M,M,M,M,M,M,,,M,M,M,M,M,M,M,M,M,M,,
ALIC1,22-FEB-24 00.00.00,E,M,,,,M,M,M,M,M,M,M,M,M,E,E,E,E,M,M,M,,M,M,M,M,E,M,,M,,,,,,,,E,E,M,M,M,,,M,M,M,M,M,M,M,M,,,M,M,M,M,M,M,M,M,M,M,,
ALIC1,23-FEB-24 00.00.00,,M,,,,M,M,M,M,M,M,M,M,M,E,E,,,M,M,M,,M,M,M,M,,M,,M,,,,,,,,,,M,M,M,,,M,M,M,M,M,M,M,M,,,M,M,M,M,M,M,M,M,M,M,,
ALIC1,24-FEB-24 00.00.00,,M,,,,M,M,M,M,M,M,M,M,M,E,E,,,M,M,M,,M,M,M,M,,M,,M,,,,,,,,,,M,M,M,,,M,M,M,M,M,M,M,M,,,M,M,M,M,M,M,M,M,M,M,,
ALIC1,25-FEB-24 00.00.00,,M,,,,M,M,M,M,M,M,M,M,M,E,E,,,M,M,M,,M,M,M,M,,M,,M,,,,,,,,,,M,M,M,,,M,M,M,M,M,M,M,M,,,M,M,M,M,M,M,M,M,M,M,,
ALIC1,26-FEB-24 00.00.00,,M,,,,M,M,M,M,M,M,M,M,M,E,E,,,M,M,M,,M,M,M,M,,M,,M,,,,,,,,,,M,M,M,,,M,M,M,M,M,M,M,M,,,M,M,M,M,M,M,M,M,M,M,,
ALIC1,27-FEB-24 00.00.00,,M,,,,M,M,M,M,M,M,M,M,M,E,E,,,M,M,M,,M,M,M,M,,M,,M,,,,,,,,,,M,M,M,,,M,M,M,M,M,M,M,M,,,M,M,M,M,M,M,M,M,M,M,,
ALIC1,28-FEB-24 00.00.00,,M,,,,M,M,M,M,M,M,M,M,M,E,E,,,M,M,M,,M,M,M,M,,M,,M,,,,,,,,,,M,M,M,,,M,M,M,M,M,M,M,M,,,M,M,M,M,M,M,M,M,M,M,,
ALIC1,29-FEB-24 00.00.00,,M,,,,M,M,M,M,M,M,M,M,M,E,E,,,M,M,M,,M,M,M,M,,M,,M,,,,,,,,,,M,M,M,,,M,M,M,M,M,M,M,M,,,M,M,M,M,M,M,M,M,M,M,,
ALIC1,01-MAR-24 00.00.00,,M,,,,M,M,M,M,M,M,M,M,M,E,E,,,M,M,M,,M,M,M,M,,M,,M,,,,,,,,,,M,M,M,,,M,M,M,M,M,M,M,M,,,M,M,M,M,M,M,M,M,M,M,,
ALIC1,02-MAR-24 00.00.00,,M,,,,M,M,M,M,M,M,M,M,M,E,E,,,M,M,M,,M,M,M,M,,M,,M,,,,,,,,,,M,M,M,,,M,M,M,M,M,M,M,M,,,M,M,M,M,M,M,M,M,M,M,,
ALIC1,03-MAR-24 00.00.00,,M,,,,M,M,M,M,M,M,M,M,M,E,E,E,E,M,M,M,,M,M,M,M,E,M,,M,,,,,,,,E,E,M,M,M,,,M,M,M,M,M,M,M,M,,,M,M,M,M,M,M,M,M,M,M,,
ALIC1,04-MAR-24 00.00.00,,M,,,,M,M,M,M,M,M,M,M,M,E,E,,,M,M,M,,M,M,M,M,,M,,M,,,,,,,,,,M,M,M,,,M,M,M,M,M,M,M,M,,,M,M,M,M,M,M,M,M,M,M,,
ALIC1,05-MAR-24 00.00.00,E,M,,,,M,M,M,M,M,M,M,M,M,E,E,E,E,M,M,M,,M,M,M,M,E,M,,M,,,,,,,,E,E,M,M,M,,,M,M,M,M,M,M,M,M,,,M,M,M,M,M,M,M,M,M,M,,
ALIC1,06-MAR-24 00.00.00,E,M,,,,M,M,M,M,M,M,M,M,M,E,E,E,E,M,M,M,,M,M,M,M,E,M,,M,,,,,,,,E,E,M,M,M,,,M,M,M,M,M,M,M,M,,,M,M,M,M,M,M,M,M,M,M,,
ALIC1,07-MAR-24 00.00.00,,,,,,,M,,,,,,,,E,E,,,,,E,,M,M,,,,,,M,,,,,,,,,,,,,,,M,M,M,M,M,M,M,M,,,M,M,M,M,M,M,M,M,,,,
ALIC1,08-MAR-24 00.00.00,,,,,,,M,,,,,,,,E,E,,,,,E,,M,M,,,,,,M,,,,,,,,,,,,,,,M,M,M,M,M,M,M,M,,,M,M,M,M,M,M,M,M,,,,
ALIC1,09-MAR-24 00.00.00,,,,,,,M,,,,,,,,E,E,,,,,E,,M,M,,,,,,M,,,,,,,,,,,,,,,M,M,M,M,M,M,M,M,,,M,M,M,M,M,M,M,M,,,,
ALIC1,10-MAR-24 00.00.00,,,,,,,M,,,,,,,,E,E,,,,,E,,M,M,,,,,,M,,,,,,,,,,,,,,,M,M,M,M,M,M,M,M,,,M,M,M,M,M,M,M,M,,,,
ALIC1,11-MAR-24 00.00.00,,,,,,,M,,,,,,,,E,E,,,,,E,,M,M,,,,,,M,,,,,,,,,,,,,,,M,M,M,M,M,M,M,M,,,M,M,M,M,M,M,M,M,,,,
ALIC1,12-MAR-24 00.00.00,,,,,,,M,,,,,,,,E,E,,,,,E,,M,M,,,,,,M,,,,,,,,,,,,,,,M,M,M,M,M,M,M,M,,,M,M,M,M,M,M,M,M,,,,
ALIC1,13-MAR-24 00.00.00,,,,,,,M,,,,,,,,E,E,,,,,E,,M,M,,,,,,M,,,,,,,,,,,,,,,M,M,M,M,M,M,M,M,,,M,M,M,M,M,M,M,M,,,,
ALIC1,14-MAR-24 00.00.00,,,,,,,M,,,,,,,,E,E,,,,,E,,M,M,,,,,,M,,,,,,,,,,,,,,,M,M,M,M,M,M,M,M,,,M,M,M,M,M,M,M,M,,,,
ALIC1,15-MAR-24 00.00.00,,,,,,,M,,,,,,,,E,E,,,,,E,,M,M,,,,,,M,,,,,,,,,,,,,,,M,M,M,M,M,M,M,M,,,M,M,M,M,M,M,M,M,,,,
ALIC1,16-MAR-24 00.00.00,,,,,,,M,,,,,,,,E,E,E,E,E,E,E,,M,M,E,E,E,,,M,,,,,,,,E,E,E,E,E,,,M,M,M,M,M,M,M,M,,,M,M,M,M,M,M,M,M,E,E,,
ALIC1,17-MAR-24 00.00.00,,,,,,,M,,,,,,,,E,E,,,,,E,,M,M,,,,,,M,,,,,,,,,,,,,,,M,M,M,M,M,M,M,M,,,M,M,M,M,M,M,M,M,,,,
ALIC1,18-MAR-24 00.00.00,,,,,,,M,,,,,,,,E,E,,,,,E,,M,M,,,,,,M,,,,,,,,,,,,,,,M,M,M,M,M,M,M,M,,,M,M,M,M,M,M,M,M,,,,
ALIC1,19-MAR-24 00.00.00,,,,,,,M,,,,,,,,E,E,,,,,E,,M,M,,,,,,M,,,,,,,,,,,,,,,M,M,M,M,M,M,M,M,,,M,M,M,M,M,M,M,M,,,,
ALIC1,20-MAR-24 00.00.00,,,,,,,M,,,,,,,,E,E,,,,,E,,M,M,,,,,,M,,,,,,,,,,,,,,,M,M,M,M,M,M,M,M,,,M,M,M,M,M,M,M,M,,,,
ALIC1,21-MAR-24 00.00.00,,,,,,,M,,,,,,,,E,E,,,,,E,,M,M,,,,,,M,,,,,,,,,,,,,,,M,M,M,M,M,M,M,M,,,M,M,M,M,M,M,M,M,,,,
ALIC1,22-MAR-24 00.00.00,,,,,,,M,,,,,,,,E,E,,,,,E,,M,M,,,,,,M,,,,,,,,,,,,,,,M,M,M,M,M,M,M,M,,,M,M,M,M,M,M,M,M,,,,
ALIC1,23-MAR-24 00.00.00,,,,,,,M,,,,,,,,E,E,,,,,E,,M,M,,,,,,M,,,,,,,,,,,,,,,M,M,M,M,M,M,M,M,,,M,M,M,M,M,M,M,M,,,,
ALIC1,24-MAR-24 00.00.00,,,,,,,M,,,,,,,,E,E,,,,,E,,M,M,,,,,,M,,,,,,,,,,,,,,,M,M,M,M,M,M,M,M,,,M,M,M,M,M,M,M,M,,,,
ALIC1,25-MAR-24 00.00.00,,,,,,,M,,,,,,,,E,E,,,,,E,,M,M,,,,,,M,,,,,,,,,,,,,,,M,M,M,M,M,M,M,M,,,M,M,M,M,M,M,M,M,,,,
ALIC1,26-MAR-24 00.00.00,,,,,,,M,,,,,,,,E,E,,,,,E,,M,M,,,,,,M,,,,,,,,,,,,,,,M,M,M,M,M,M,M,M,,,M,M,M,M,M,M,M,M,,,,
ALIC1,27-MAR-24 00.00.00,,,,,,,M,,,,,,,,E,E,,,,,E,,M,M,,,,,,M,,,,,,,,,,,,,,,M,M,M,M,M,M,M,M,,,M,M,M,M,M,M,M,M,,,,
ALIC1,28-MAR-24 00.00.00,,,,,,,M,,,,,,,,E,E,,,,,E,,M,M,,,,,,M,,,,,,,,,,,,,,,M,M,M,M,M,M,M,M,,,M,M,M,M,M,M,M,M,,,,
ALIC1,29-MAR-24 00.00.00,,,,,,,M,,,,,,,,E,E,,,,,E,,M,M,,,,,,M,,,,,,,,,,,,,,,M,M,M,M,M,M,M,M,,,M,M,M,M,M,M,M,M,,,,
ALIC1,30-MAR-24 00.00.00,,,,,,,M,,,,,,,,E,E,,,,,E,,M,M,,,,,,M,,,,,,,,,,,,,,,M,M,M,M,M,M,M,M,,,M,M,M,M,M,M,M,M,,,,
ALIC1,31-MAR-24 00.00.00,,,,,,,M,,,,,,,,E,E,,,,,E,,M,M,,,,,,M,,,,,,,,,,,,,,,M,M,M,M,M,M,M,M,,,M,M,M,M,M,M,M,M,,,,
ALIC1,01-APR-24 00.00.00,,,,,,,M,,,,,,,,E,E,,,,,E,,M,M,,,,,,M,,,,,,,,,,,,,,,M,M,M,M,M,M,M,M,,,M,M,M,M,M,M,M,M,,,,
ALIC1,02-APR-24 00.00.00,,,,,,,M,,,,,,,,E,E,,,,,E,,M,M,,,,,,M,,,,,,,,,,,,,,,M,M,M,M,M,M,M,M,,,M,M,M,M,M,M,M,M,,,,
ALIC1,03-APR-24 00.00.00,,,,,,,M,,,,,,,,E,E,,,,,E,,M,M,,,,,,M,,,,,,,,,,,,,,,M,M,M,M,M,M,M,M,,,M,M,M,M,M,M,M,M,,,,
ALIC1,04-APR-24 00.00.00,,,,,,,M,,,,,,,,E,E,,,,,E,,M,M,,,,,,M,,,,,,,,,,,,,,,M,M,M,M,M,M,M,M,,,M,M,M,M,M,M,M,M,,,,
ALIC1,05-APR-24 00.00.00,,,,,,,M,,,,,,,,E,E,,,,,E,,M,M,,,,,,M,,,,,,,,,,,,,,,M,M,M,M,M,M,M,M,,,M,M,M,M,M,M,M,M,,,,
ALIC1,06-APR-24 00.00.00,,,,,,,M,,,,,,,,E,E,,,,,E,,M,M,,,,,,M,,,,,,,,,,,,,,,M,M,M,M,M,M,M,M,,,M,M,M,M,M,M,M,M,,,,
ALIC1,07-APR-24 00.00.00,,,,,,,M,,,,,,,,E,E,,,,,E,,M,M,,,,,,M,,,,,,,,,,,,,,,M,M,M,M,M,M,M,M,,,M,M,M,M,M,M,M,M,,,,
ALIC1,08-APR-24 00.00.00,,,,,,,M,,,,,,,,E,E,,,,,E,,M,M,,,,,,M,,,,,,,,,,,,,,,M,M,M,M,M,M,M,M,,,M,M,M,M,M,M,M,M,,,,
ALIC1,09-APR-24 00.00.00,,,,,,,M,,,,,,,,E,E,,,,,E,,M,M,,,,,,M,,,,,,,,,,,,,,,M,M,M,M,M,M,M,M,,,M,M,M,M,M,M,M,M,,,,
ALIC1,10-APR-24 00.00.00,,,,,,,M,,,,,,,,E,E,,,,,E,,M,M,,,,,,M,,,,,,,,,,,,,,,M,M,M,M,M,M,M,M,,,M,M,M,M,M,M,M,M,,,,
ALIC1,11-APR-24 00.00.00,,,,,,,M,,,,,,,,E,E,,,,,E,,M,M,,,,,,M,,,,,,,,,,,,,,,M,M,M,M,M,M,M,M,,,M,M,M,M,M,M,M,M,,,,
ALIC1,12-APR-24 00.00.00,,,,,,,M,,,,,,,,E,E,,,,,E,,M,M,,,,,,M,,,,,,,,,,,,,,,M,M,M,M,M,M,M,M,,,M,M,M,M,M,M,M,M,,,,
ALIC1,13-APR-24 00.00.00,,,,,,,M,,,,,,,,E,E,,,,,E,,M,M,,,,,,M,,,,,,,,,,,,,,,M,M,M,M,M,M,M,M,,,M,M,M,M,M,M,M,M,,,,
ALIC1,14-APR-24 00.00.00,,,,,,,M,,,,,,,,E,E,,,,,E,,M,M,,,,,,M,,,,,,,,,,,,,,,M,M,M,M,M,M,M,M,,,M,M,M,M,M,M,M,M,,,,
ALIC1,15-APR-24 00.00.00,,,,,,,M,,,,,,,,E,E,,,,,E,,M,M,,,,,,M,,,,,,,,,,,,,,,M,M,M,M,M,M,M,M,,,M,M,M,M,M,M,M,M,,,,
ALIC1,16-APR-24 00.00.00,,,,,,,M,,,,,,,,E,E,,,,,E,,M,M,,,,,,M,,,,,,,,,,,,,,,M,M,M,M,M,M,M,M,,,M,M,M,M,M,M,M,M,,,,
ALIC1,17-APR-24 00.00.00,,,,,,,M,,,,,,,,E,E,,,,,E,,M,M,,,,,,M,,,,,,,,,,,,,,,M,M,M,M,M,M,M,M,,,M,M,M,M,M,M,M,M,,,,
ALIC1,18-APR-24 00.00.00,,,,,,,M,,,,,,,,E,E,,,,,E,,M,M,,,,,,M,,,,,,,,,,,,,,,M,M,M,M,M,M,M,M,,,M,M,M,M,M,M,M,M,,,,
ALIC1,19-APR-24 00.00.00,,,,,,,M,,,,,,,,E,E,,,,,E,,M,M,,,,,,M,,,,,,,,,,,,,,,M,M,M,M,M,M,M,M,,,M,M,M,M,M,M,M,M,,,,
ALIC1,20-APR-24 00.00.00,,,,,,,M,,,,,,,,E,E,,,,,E,,M,M,,,,,,M,,,,,,,,,,,,,,,M,M,M,M,M,M,M,M,,,M,M,M,M,M,M,M,M,,,,
ALIC1,21-APR-24 00.00.00,,,,,,,M,,,,,,,,E,E,,,,,E,,M,M,,,,,,M,,,,,,,,,,,,,,,M,M,M,M,M,M,M,M,,,M,M,M,M,M,M,M,M,,,,
ALIC1,22-APR-24 00.00.00,,,,,,,M,,,,,,,,E,E,,,,,E,,M,M,,,,,,M,,,,,,,,,,,,,,,M,M,M,M,M,M,M,M,,,M,M,M,M,M,M,M,M,,,,
ALIC1,23-APR-24 00.00.00,,,,,,,M,,,,,,,,E,E,,,,,E,,M,M,,,,,,M,,,,,,,,,,,,,,,M,M,M,M,M,M,M,M,,,M,M,M,M,M,M,M,M,,,,
ALIC1,24-APR-24 00.00.00,,,,,,,M,,,,,,,,E,E,,,,,E,,M,M,,,,,,M,,,,,,,,,,,,,,,M,M,M,M,M,M,M,M,,,M,M,M,M,M,M,M,M,,,,
ALIC1,25-APR-24 00.00.00,,,,,,,M,,,,,,,,E,E,,,,,E,,M,M,,,,,,M,,,,,,,,,,,,,,,M,M,M,M,M,M,M,M,,,M,M,M,M,M,M,M,M,,,,
ALIC1,26-APR-24 00.00.00,,,,,,,M,,,,,,,,E,E,,,,,E,,M,M,,,,,,M,,,,,,,,,,,,,,,M,M,M,M,M,M,M,M,,,M,M,M,M,M,M,M,M,,,,
ALIC1,27-APR-24 00.00.00,,,,,,,M,,,,,,,,E,E,,,,,E,,M,M,,,,,,M,,,,,,,,,,,,,,,M,M,M,M,M,M,M,M,,,M,M,M,M,M,M,M,M,,,,
ALIC1,28-APR-24 00.00.00,,,,,,,M,,,,,,,,E,E,,,,,E,,M,M,,,,,,M,,,,,,,,,,,,,,,M,M,M,M,M,M,M,M,,,M,M,M,M,M,M,M,M,,,,
ALIC1,29-APR-24 00.00.00,,,,,,,M,,,,,,,,E,E,,,,,E,,M,M,,,,,,M,,,,,,,,,,,,,,,M,M,M,M,M,M,M,M,,,M,M,M,M,M,M,M,M,,,,
ALIC1,30-APR-24 00.00.00,,,,,,,M,,,,,,,,E,E,,,,,E,,M,M,,,,,,M,,,,,,,,,,,,,,,M,M,M,M,M,M,M,M,,,M,M,M,M,M,M,M,M,,,,
ALIC1,01-MAY-24 00.00.00,,,,,,,M,,,,,,,,E,E,,,,,E,,M,M,,,,,,M,,,,,,,,,,,,,,,M,M,M,M,M,M,M,M,,,M,M,M,M,M,M,M,M,,,,
ALIC1,02-MAY-24 00.00.00,,,,,,,M,,,,,,,,E,E,,,,,E,,M,M,,,,,,M,,,,,,,,,,,,,,,M,M,M,M,M,M,M,M,,,M,M,M,M,M,M,M,M,,,,
ALIC1,03-MAY-24 00.00.00,,,,,,,M,,,,,,,,E,E,,,,,E,,M,M,,,,,,M,,,,,,,,,,,,,,,M,M,M,M,M,M,M,M,,,M,M,M,M,M,M,M,M,,,,
ALIC1,04-MAY-24 00.00.00,,,,,,,M,,,,,,,,E,E,,,,,E,,M,M,,,,,,M,,,,,,,,,,,,,,,M,M,M,M,M,M,M,M,,,M,M,M,M,M,M,M,M,,,,
ALIC1,05-MAY-24 00.00.00,,,,,,,M,,,,,,,,E,E,,,,,E,,M,M,,,,,,M,,,,,,,,,,,,,,,M,M,M,M,M,M,M,M,,,M,M,M,M,M,M,M,M,,,,
ALIC1,06-MAY-24 00.00.00,,,,,,,M,,,,,,,,E,E,,,,,E,,M,M,,,,,,M,,,,,,,,,,,,,,,M,M,M,M,M,M,M,M,,,M,M,M,M,M,M,M,M,,,,
ALIC1,07-MAY-24 00.00.00,,,,,,,M,,,,,,,,E,E,,,,,E,,M,M,,,,,,M,,,,,,,,,,,,,,,M,M,M,M,M,M,M,M,,,M,M,M,M,M,M,M,M,,,,
ALIC1,08-MAY-24 00.00.00,,,,,,,M,,,,,,,,E,E,,,,,E,,M,M,,,,,,M,,,,,,,,,,,,,,,M,M,M,M,M,M,M,M,,,M,M,M,M,M,M,M,M,,,,
ALIC1,09-MAY-24 00.00.00,,,,,,,M,,,,,,,,E,E,,,,,E,,M,M,,,,,,M,,,,,,,,,,,,,,,M,M,M,M,M,M,M,M,,,M,M,M,M,M,M,M,M,,,,
ALIC1,10-MAY-24 00.00.00,,,,,,,M,,,,,,,,E,E,,,,,E,,M,M,,,,,,M,,,,,,,,,,,,,,,M,M,M,M,M,M,M,M,,,M,M,M,M,M,M,M,M,,,,
ALIC1,11-MAY-24 00.00.00,,,,,,,M,,,,,,,,E,E,,,,,E,,M,M,,,,,,M,,,,,,,,,,,,,,,M,M,M,M,M,M,M,M,,,M,M,M,M,M,M,M,M,,,,
ALIC1,12-MAY-24 00.00.00,,,,,,,M,,,,,,,,E,E,,,,,E,,M,M,,,,,,M,,,,,,,,,,,,,,,M,M,M,M,M,M,M,M,,,M,M,M,M,M,M,M,M,,,,
ALIC1,13-MAY-24 00.00.00,,,,,,,M,,,,,,,,E,E,,,,,E,,M,M,,,,,,M,,,,,,,,,,,,,,,M,M,M,M,M,M,M,M,,,M,M,M,M,M,M,M,M,,,,
ALIC1,14-MAY-24 00.00.00,,,,,,,M,,,,,,,,E,E,,,,,E,,M,M,,,,,,M,,,,,,,,,,,,,,,M,M,M,M,M,M,M,M,,,M,M,M,M,M,M,M,M,,,,
ALIC1,15-MAY-24 00.00.00,,,,,,,M,,,,,,,,E,E,,,,,E,,M,M,,,,,,M,,,,,,,,,,,,,,,M,M,M,M,M,M,M,M,,,M,M,M,M,M,M,M,M,,,,
ALIC1,16-MAY-24 00.00.00,,,,,,,M,,,,,,,,E,E,,,,,E,,M,M,,,,,,M,,,,,,,,,,,,,,,M,M,M,M,M,M,M,M,,,M,M,M,M,M,M,M,M,,,,
ALIC1,17-MAY-24 00.00.00,,,,,,,M,,,,,,,,E,E,,,,,E,,M,M,,,,,,M,,,,,,,,,,,,,,,M,M,M,M,M,M,M,M,,,M,M,M,M,M,M,M,M,,,,
ALIC1,18-MAY-24 00.00.00,,,,,,,M,,,,,,,,E,E,,,,,E,,M,M,,,,,,M,,,,,,,,,,,,,,,M,M,M,M,M,M,M,M,,,M,M,M,M,M,M,M,M,,,,
ALIC1,19-MAY-24 00.00.00,,,,,,,M,,,,,,,,E,E,,,,,E,,M,M,,,,,,M,,,,,,,,,,,,,,,M,M,M,M,M,M,M,M,,,M,M,M,M,M,M,M,M,,,,
ALIC1,20-MAY-24 00.00.00,,,,,,,M,,,,,,,,E,E,,,,,E,,M,M,,,,,,M,,,,,,,,,,,,,,,M,M,M,M,M,M,M,M,,,M,M,M,M,M,M,M,M,,,,
ALIC1,21-MAY-24 00.00.00,,,,,,,M,,,,,,,,E,E,,,,,E,,M,M,,,,,,M,,,,,,,,,,,,,,,M,M,M,M,M,M,M,M,,,M,M,M,M,M,M,M,M,,,,
ALIC1,22-MAY-24 00.00.00,,,,,,,M,,,,,,,,E,E,,,,,E,,M,M,,,,,,M,,,,,,,,,,,,,,,M,M,M,M,M,M,M,M,,,M,M,M,M,M,M,M,M,,,,
ALIC1,23-MAY-24 00.00.00,,I,,,,M,M,E,E,E,E,E,E,E,E,E,,,M,M,M,,M,M,M,M,,E,,M,,,,,,,,,,M,M,M,,,M,M,M,M,M,M,M,M,,,M,M,M,M,M,M,M,M,M,M,,
ALIC1,24-MAY-24 00.00.00,,I,,,,M,M,E,E,E,E,E,E,E,E,E,,,M,M,M,,M,M,M,M,,E,,M,,,,,,,,,,M,M,M,,,M,M,M,M,M,M,M,M,,,M,M,M,M,M,M,M,M,M,M,,
ALIC1,25-MAY-24 00.00.00,,I,,,,M,M,E,E,E,E,E,E,E,E,E,,,M,M,M,,M,M,M,M,,E,,M,,,,,,,,,,M,M,M,,,M,M,M,M,M,M,M,M,,,M,M,M,M,M,M,M,M,M,M,,
ALIC1,26-MAY-24 00.00.00,,,,,,,M,,,,,,,,E,E,,,,,E,,M,M,,,,,,M,,,,,,,,,,,,,,,M,M,M,M,M,M,M,M,,,M,M,M,M,M,M,M,M,,,,
ALIC1,27-MAY-24 00.00.00,,,,,,,M,,,,,,,,E,E,,,,,E,,M,M,,,,,,M,,,,,,,,,,,,,,,M,M,M,M,M,M,M,M,,,M,M,M,M,M,M,M,M,,,,
ALIC1,28-MAY-24 00.00.00,,,,,,,M,,,,,,,,E,E,,,,,E,,M,M,,,,,,M,,,,,,,,,,,,,,,M,M,M,M,M,M,M,M,,,M,M,M,M,M,M,M,M,,,,
ALIC1,29-MAY-24 00.00.00,,,,,,,M,,,,,,,,E,E,,,,,E,,M,M,,,,,,M,,,,,,,,,,,,,,,M,M,M,M,M,M,M,M,,,M,M,M,M,M,M,M,M,,,,
ALIC1,30-MAY-24 00.00.00,,,,,,,M,,,,,,,,E,E,,,,,E,,M,M,,,,,,M,,,,,,,,,,,,,,,M,M,M,M,M,M,M,M,,,M,M,M,M,M,M,M,M,,,,
ALIC1,31-MAY-24 00.00.00,,,,,,,M,,,,,,,,E,E,,,,,E,,M,M,,,,,,M,,,,,,,,,,,,,,,M,M,M,M,M,M,M,M,,,M,M,M,M,M,M,M,M,,,,
ALIC1,01-JUN-24 00.00.00,,,,,,,M,,,,,,,,E,E,,,,,E,,M,M,,,,,,M,,,,,,,,,,,,,,,M,M,M,M,M,M,M,M,,,M,M,M,M,M,M,M,M,,,,
ALIC1,02-JUN-24 00.00.00,,,,,,,M,,,,,,,,E,E,,,,,E,,M,M,,,,,,M,,,,,,,,,,,,,,,M,M,M,M,M,M,M,M,,,M,M,M,M,M,M,M,M,,,,
ALIC1,03-JUN-24 00.00.00,,,,,,,M,,,,,,,,E,E,,,,,E,,M,M,,,,,,M,,,,,,,,,,,,,,,M,M,M,M,M,M,M,M,,,M,M,M,M,M,M,M,M,,,,
ALIC1,04-JUN-24 00.00.00,,,,,,,M,,,,,,,,E,E,,,,,E,,M,M,,,,,,M,,,,,,,,,,,,,,,M,M,M,M,M,M,M,M,,,M,M,M,M,M,M,M,M,,,,
ALIC1,05-JUN-24 00.00.00,,,,,,,M,,,,,,,,E,E,,,,,E,,M,M,,,,,,M,,,,,,,,,,,,,,,M,M,M,M,M,M,M,M,,,M,M,M,M,M,M,M,M,,,,
ALIC1,06-JUN-24 00.00.00,,,,,,,M,,,,,,,,E,E,,,,,E,,M,M,,,,,,M,,,,,,,,,,,,,,,M,M,M,M,M,M,M,M,,,M,M,M,M,M,M,M,M,,,,
ALIC1,07-JUN-24 00.00.00,,,,,,,M,,,,,,,,E,E,,,,,E,,M,M,,,,,,M,,,,,,,,,,,,,,,M,M,M,M,M,M,M,M,,,M,M,M,M,M,M,M,M,,,,
ALIC1,08-JUN-24 00.00.00,,,,,,,M,,,,,,,,E,E,,,,,E,,M,M,,,,,,M,,,,,,,,,,,,,,,M,M,M,M,M,M,M,M,,,M,M,M,M,M,M,M,M,,,,
ALIC1,09-JUN-24 00.00.00,,,,,,,M,,,,,,,,E,E,,,,,E,,M,M,,,,,,M,,,,,,,,,,,,,,,M,M,M,M,M,M,M,M,,,M,M,M,M,M,M,M,M,,,,
ALIC1,10-JUN-24 00.00.00,,,,,,,M,,,,,,,,E,E,,,,,E,,M,M,,,,,,M,,,,,,,,,,,,,,,M,M,M,M,M,M,M,M,,,M,M,M,M,M,M,M,M,,,,
ALIC1,11-JUN-24 00.00.00,,,,,,,M,,,,,,,,E,E,,,,,E,,M,M,,,,,,M,,,,,,,,,,,,,,,M,M,M,M,M,M,M,M,,,M,M,M,M,M,M,M,M,,,,
ALIC1,12-JUN-24 00.00.00,,,,,,,M,,,,,,,,E,E,,,,,E,,M,M,,,,,,M,,,,,,,,,,,,,,,M,M,M,M,M,M,M,M,,,M,M,M,M,M,M,M,M,,,,
ALIC1,13-JUN-24 00.00.00,,,,,,,M,,,,,,,,E,E,,,,,E,,M,M,,,,,,M,,,,,,,,,,,,,,,M,M,M,M,M,M,M,M,,,M,M,M,M,M,M,M,M,,,,
ALIC1,14-JUN-24 00.00.00,,,,,,,M,,,,,,,,E,E,,,,,E,,M,M,,,,,,M,,,,,,,,,,,,,,,M,M,M,M,M,M,M,M,,,M,M,M,M,M,M,M,M,,,,
ALIC1,15-JUN-24 00.00.00,,,,,,,M,,,,,,,,E,E,,,,,E,,M,M,,,,,,M,,,,,,,,,,,,,,,M,M,M,M,M,M,M,M,,,M,M,M,M,M,M,M,M,,,,
ALIC1,16-JUN-24 00.00.00,,,,,,,M,,,,,,,,E,E,,,,,E,,M,M,,,,,,M,,,,,,,,,,,,,,,M,M,M,M,M,M,M,M,,,M,M,M,M,M,M,M,M,,,,
ALIC1,17-JUN-24 00.00.00,,,,,,,M,,,,,,,,E,E,,,,,E,,M,M,,,,,,M,,,,,,,,,,,,,,,M,M,M,M,M,M,M,M,,,M,M,M,M,M,M,M,M,,,,
ALIC1,18-JUN-24 00.00.00,,,,,,,M,,,,,,,,E,E,,,,,E,,M,M,,,,,,M,,,,,,,,,,,,,,,M,M,M,M,M,M,M,M,,,M,M,M,M,M,M,M,M,,,,
ALIC1,19-JUN-24 00.00.00,,,,,,,M,,,,,,,,E,E,,,,,E,,M,M,,,,,,M,,,,,,,,,,,,,,,M,M,M,M,M,M,M,M,,,M,M,M,M,M,M,M,M,,,,
ALIC1,20-JUN-24 00.00.00,,,,,,,M,,,,,,,,E,E,,,,,E,,M,M,,,,,,M,,,,,,,,,,,,,,,M,M,M,M,M,M,M,M,,,M,M,M,M,M,M,M,M,,,,
ALIC1,21-JUN-24 00.00.00,,,,,,,M,,,,,,,,E,E,,,,,E,,M,M,,,,,,M,,,,,,,,,,,,,,,M,M,M,M,M,M,M,M,,,M,M,M,M,M,M,M,M,,,,
ALIC1,22-JUN-24 00.00.00,,,,,,,M,,,,,,,,E,E,,,,,E,,M,M,,,,,,M,,,,,,,,,,,,,,,M,M,M,M,M,M,M,M,,,M,M,M,M,M,M,M,M,,,,
ALIC1,23-JUN-24 00.00.00,,,,,,,M,,,,,,,,E,E,,,,,E,,M,M,,,,,,M,,,,,,,,,,,,,,,M,M,M,M,M,M,M,M,,,M,M,M,M,M,M,M,M,,,,
ALIC1,24-JUN-24 00.00.00,,,,,,,M,,,,,,,,E,E,,,,,E,,M,M,,,,,,M,,,,,,,,,,,,,,,M,M,M,M,M,M,M,M,,,M,M,M,M,M,M,M,M,,,,
ALIC1,25-JUN-24 00.00.00,,,,,,,M,,,,,,,,E,E,,,,,E,,M,M,,,,,,M,,,,,,,,,,,,,,,M,M,M,M,M,M,M,M,,,M,M,M,M,M,M,M,M,,,,
ALIC1,26-JUN-24 00.00.00,,,,,,,M,,,,,,,,E,E,,,,,E,,M,M,,,,,,M,,,,,,,,,,,,,,,M,M,M,M,M,M,M,M,,,M,M,M,M,M,M,M,M,,,,
ALIC1,27-JUN-24 00.00.00,,,,,,,M,,,,,,,,E,E,,,,,E,,M,M,,,,,,M,,,,,,,,,,,,,,,M,M,M,M,M,M,M,M,,,M,M,M,M,M,M,M,M,,,,
ALIC1,28-JUN-24 00.00.00,,,,,,,M,,,,,,,,E,E,,,,,E,,M,M,,,,,,M,,,,,,,,,,,,,,,M,M,M,M,M,M,M,M,,,M,M,M,M,M,M,M,M,,,,
ALIC1,29-JUN-24 00.00.00,,,,,,,M,,,,,,,,E,E,,,,,E,,M,M,,,,,,M,,,,,,,,,,,,,,,M,M,M,M,M,M,M,M,,,M,M,M,M,M,M,M,M,,,,
ALIC1,30-JUN-24 00.00.00,,,,,,,M,,,,,,,,E,E,,,,,E,,M,M,,,,,,M,,,,,,,,,,,,,,,M,M,M,M,M,M,M,M,,,M,M,M,M,M,M,M,M,,,,
BUNNY,02-JAN-24 00.00.00,,,,,,,M,,,,,,,,E,E,,,,,E,,M,M,,,,,,M,,,,,,,,,,,,,,,M,M,M,M,M,M,M,M,,,M,M,M,M,M,M,M,M,,,,
BUNNY,03-JAN-24 00.00.00,,,,,,,M,,,,,,,,E,E,,,,,E,,M,M,,,,,,M,,,,,,,,,,,,,,,M,M,M,M,M,M,M,M,,,M,M,M,M,M,M,M,M,,,,
BUNNY,04-JAN-24 00.00.00,,,,,,,M,,,,,,,,E,E,,,,,E,,M,M,,,,,,M,,,,,,,,,,,,,,,M,M,M,M,M,M,M,M,,,M,M,M,M,M,M,M,M,,,,
BUNNY,05-JAN-24 00.00.00,,,,,,,M,,,,,,,,E,E,,,,,E,,,M,,,,,,M,,,,,,,,,,,,,,,M,M,M,M,M,M,M,M,,,M,M,M,M,M,M,M,M,,,,
BUNNY,06-JAN-24 00.00.00,,,,,,,M,,,,,,,,E,E,,,,,E,,,M,,,,,,M,,,,,,,,,,,,,,,M,M,M,M,M,M,M,M,,,M,M,M,M,M,M,M,M,,,,
BUNNY,07-JAN-24 00.00.00,,,,,,,M,,,,,,,,E,E,,,,,E,,M,M,,,,,,M,,,,,,,,,,,,,,,M,M,M,M,M,M,M,M,,,M,M,M,M,M,M,M,M,,,,
BUNNY,08-JAN-24 00.00.00,,,,,,,M,,,,,,,,E,E,,,,,E,,,M,,,,,,M,,,,,,,,,,,,,,,M,M,M,M,M,M,M,M,,,M,M,M,M,M,M,M,M,,,,
BUNNY,09-JAN-24 00.00.00,,,,,,,M,,,,,,,,E,E,,,,,E,,,M,,,,,,M,,,,,,,,,,,,,,,M,M,M,M,M,M,M,M,,,M,M,M,M,M,M,M,M,,,,
BUNNY,10-JAN-24 00.00.00,,,,,,,M,,,,,,,,E,E,,,,,E,,M,M,,,,,,M,,,,,,,,,,,,,,,M,M,M,M,M,M,M,M,,,M,M,M,M,M,M,M,M,,,,
BUNNY,11-JAN-24 00.00.00,,,,,,,M,,,,,,,,E,E,,,,,E,,,M,,,,,,M,,,,,,,,,,,,,,,M,M,M,M,M,M,M,M,,,M,M,M,M,M,M,M,M,,,,
BUNNY,12-JAN-24 00.00.00,,,,,,,M,,,,,,,,E,E,,,,,E,,,M,,,,,,M,,,,,,,,,,,,,,,M,M,M,M,M,M,M,M,,,M,M,M,M,M,M,M,M,,,,
BUNNY,13-JAN-24 00.00.00,,,,,,,M,,,,,,,,E,E,,,,,E,,,M,,,,,,M,,,,,,,,,,,,,,,M,M,M,M,M,M,M,M,,,M,M,M,M,M,M,M,M,,,,
BUNNY,14-JAN-24 00.00.00,,,,,,,M,,,,,,,,E,E,,,,,E,,,M,,,,,,M,,,,,,,,,,,,,,,M,M,M,M,M,M,M,M,,,M,M,M,M,M,M,M,M,,,,
BUNNY,15-JAN-24 00.00.00,,,,,,,M,,,,,,,,E,E,,,,,E,,,M,,,,,,M,,,,,,,,,,,,,,,M,M,M,M,M,M,M,M,,,M,M,M,M,M,M,M,M,,,,
BUNNY,16-JAN-24 00.00.00,,,,,,,M,,,,,,,,E,E,,,,,E,,,M,,,,,,M,,,,,,,,,,,,,,,M,M,M,M,M,M,M,M,,,M,M,M,M,M,M,M,M,,,,
BUNNY,17-JAN-24 00.00.00,,,,,,,M,,,,,,,,E,E,,,,,E,,,M,,,,,,M,,,,,,,,,,,,,,,M,M,M,M,M,M,M,M,,,M,M,M,M,M,M,M,M,,,,
BUNNY,18-JAN-24 00.00.00,,,,,,,M,,,,,,,,E,E,,,,,E,,,M,,,,,,M,,,,,,,,,,,,,,,M,M,M,M,M,M,M,M,M,M,M,M,M,M,M,M,M,M,,,,
BUNNY,19-JAN-24 00.00.00,,,,,,,M,,,,,,,,E,E,,,,,E,,,M,,,,,,M,,,,,,,,,,,,,,,M,M,M,M,M,M,M,M,M,M,M,M,M,M,M,M,M,M,,,,
BUNNY,20-JAN-24 00.00.00,,,,,,,M,,,,,,,,E,E,,,,,E,,,M,,,,,,M,,,,,,,,,,,,,,,M,M,M,M,M,M,M,M,M,M,M,M,M,M,M,M,M,M,,,,
BUNNY,21-JAN-24 00.00.00,,,,,,,M,,,,,,,,E,E,,,,,E,,,M,,,,,,M,,,,,,,,,,,,,,,M,M,M,M,M,M,M,M,,,M,M,M,M,M,M,M,M,,,,
BUNNY,22-JAN-24 00.00.00,,,,,,,M,,,,,,,,E,E,,,,,E,,,M,,,,,,M,,,,,,,,,,,,,,,M,M,M,M,M,M,M,M,,,M,M,M,M,M,M,M,M,,,,
BUNNY,23-JAN-24 00.00.00,,,,,,,M,,,,,,,,E,E,,,,,E,,,M,,,,,,M,,,,,,,,,,,,,,,M,M,M,M,M,M,M,M,,,M,M,M,M,M,M,M,M,,,,
BUNNY,24-JAN-24 00.00.00,,,,,,,M,,,,,,,,E,E,,,,,E,,M,M,,,,,,M,,,,,,,,,,,,,,,M,M,M,M,M,M,M,M,,,M,M,M,M,M,M,M,M,,,,
BUNNY,25-JAN-24 00.00.00,,,,,,,M,,,,,,,,E,E,,,,,E,,,M,,,,,,M,,,,,,,,,,,,,,,M,M,M,M,M,M,M,M,,,M,M,M,M,M,M,M,M,,,,
BUNNY,26-JAN-24 00.00.00,,,,,,,M,,,,,,,,E,E,,,,,E,,,M,,,,,,M,,,,,,,,,,,,,,,M,M,M,M,M,M,M,M,,,M,M,M,M,M,M,M,M,,,,
BUNNY,27-JAN-24 00.00.00,,,,,,,M,,,,,,,,E,E,,,,,E,,,M,,,E,,,M,,,,,,,,,E,,,,,,M,M,M,M,M,M,M,M,,,M,M,M,M,M,M,M,M,,,,
BUNNY,28-JAN-24 00.00.00,,,,,,,M,,,,,,,,E,E,,,,,E,,,M,,,,,,M,,,,,,,,,,,,,,,M,M,M,M,M,M,M,M,,,M,M,M,M,M,M,M,M,,,,
BUNNY,29-JAN-24 00.00.00,,,,,,,M,,,,,,,,E,E,,,,,E,,,M,,,,,,M,,,,,,,,,,,,,,,M,M,M,M,M,M,M,M,,,M,M,M,M,M,M,M,M,,,,
BUNNY,30-JAN-24 00.00.00,,,,,,,M,,,,,,,,E,E,,,,,E,,,M,,,,,,M,,,,,,,,,,,,,,,M,M,M,M,M,M,M,M,,,M,M,M,M,M,M,M,M,,,,
BUNNY,31-JAN-24 00.00.00,,,,,,,M,,,,,,,,E,E,,,,,E,,M,M,,,,,,M,,,,,,,,,,,,,,,M,M,M,M,M,M,M,M,,,M,M,M,M,M,M,M,M,,,,
BUNNY,01-FEB-24 00.00.00,,,,,,,M,,,,,,,,E,E,,,,,E,,,M,,,,,,M,,,,,,,,,,,,,,,M,M,M,M,M,M,M,M,,,M,M,M,M,M,M,M,M,,,,
BUNNY,02-FEB-24 00.00.00,,,,,,,M,,,,,,,,E,E,,,,,E,,,M,,,,,,M,,,,,,,,,,,,,,,M,M,M,M,M,M,M,M,,,M,M,M,M,M,M,M,M,,,,
BUNNY,03-FEB-24 00.00.00,,,,,,,M,,,,,,,,E,E,,,,,E,,,M,,,,,,M,,,,,,,,,,,,,,,M,M,M,M,M,M,M,M,,,M,M,M,M,M,M,M,M,,,,
BUNNY,04-FEB-24 00.00.00,,,,,,,M,,,,,,,,E,E,,,,,E,,,M,,,,,,M,,,,,,,,,,,,,,,M,M,M,M,M,M,M,M,,,M,M,M,M,M,M,M,M,,,,
BUNNY,05-FEB-24 00.00.00,,,,,,,M,,,,,,,,E,E,,,,,E,,,M,,,,,,M,,,,,,,,,,,,,,,M,M,M,M,M,M,M,M,,,M,M,M,M,M,M,M,M,,,,
BUNNY,06-FEB-24 00.00.00,,,,,,,M,,,,,,,,E,E,,,,,E,,,M,,,,,,M,,,,,,,,,,,,,,,M,M,M,M,M,M,M,M,,,M,M,M,M,M,M,M,M,,,,
BUNNY,07-FEB-24 00.00.00,,,,,,,M,,,,,,,,E,E,,,,,E,,,M,,,,,,M,,,,,,,,,,,,,,,M,M,M,M,M,M,M,M,,,M,M,M,M,M,M,M,M,,,,
BUNNY,08-FEB-24 00.00.00,,,,,,,M,,,,,,,,E,E,,,,,E,,,M,,,,,,M,,,,,,,,,,,,,,,M,M,M,M,M,M,M,M,,,M,M,M,M,M,M,M,M,,,,
BUNNY,09-FEB-24 00.00.00,,,,,,,M,,,,,,,,E,E,,,,,E,,,M,,,,,,M,,,,,,,,,,,,,,,M,M,M,M,M,M,M,M,,,M,M,M,M,M,M,M,M,,,,
BUNNY,10-FEB-24 00.00.00,,,,,,,M,,,,,,,,E,E,,,,,E,,M,M,,,,,,M,,,,,,,,,,,,,,,M,M,M,M,M,M,M,M,,,M,M,M,M,M,M,M,M,,,,
BUNNY,11-FEB-24 00.00.00,,,,,,,M,,,,,,,,E,E,,,,,E,,M,M,,,,,,M,,,,,,,,,,,,,,,M,M,M,M,M,M,M,M,,,M,M,M,M,M,M,M,M,,,,
BUNNY,12-FEB-24 00.00.00,,,,,,,M,,,,,,,,E,E,,,,,E,,,M,,,,,,M,,,,,,,,,,,,,,,M,M,M,M,M,M,M,M,,,M,M,M,M,M,M,M,M,,,,
BUNNY,13-FEB-24 00.00.00,,,,,,,M,,,,,,,,E,E,,,,,E,,,M,,,,,,M,,,,,,,,,,,,,,,M,M,M,M,M,M,M,M,,,M,M,M,M,M,M,M,M,,,,
BUNNY,14-FEB-24 00.00.00,,,,,,,M,,,,,,,,E,E,,,,,E,,M,M,,,,,,M,,,,,,,,,,,,,,,M,M,M,M,M,M,M,M,,,M,M,M,M,M,M,M,M,,,,
BUNNY,15-FEB-24 00.00.00,,,,,,,M,,,,,,,,E,E,,,,,E,,,M,,,,,,M,,,,,,,,,,,,,,,M,M,M,M,M,M,M,M,,,M,M,M,M,M,M,M,M,,,,
BUNNY,16-FEB-24 00.00.00,,,,,,,M,,,,,,,,E,E,,,,,E,,,M,,,,,,M,,,,,,,,,,,,,,,M,M,M,M,M,M,M,M,,,M,M,M,M,M,M,M,M,,,,
BUNNY,17-FEB-24 00.00.00,,,,,,,M,,,,,,,,E,E,,,,,E,,,M,,,,,,M,,,,,,,,,,,,,,,M,M,M,M,M,M,M,M,,,M,M,M,M,M,M,M,M,,,,
BUNNY,18-FEB-24 00.00.00,,,,,,,M,,,,,,,,E,E,,,,,E,,,M,,,,,,M,,,,,,,,,,,,,,,M,M,M,M,M,M,M,M,,,M,M,M,M,M,M,M,M,,,,
BUNNY,19-FEB-24 00.00.00,,,,,,,M,,,,,,,,E,E,,,,,E,,,M,,,,,,M,,,,,,,,,,,,,,,M,M,M,M,M,M,M,M,,,M,M,M,M,M,M,M,M,,,,
BUNNY,20-FEB-24 00.00.00,,,,,,,M,,,,,,,,E,E,,,,,E,,M,M,,,,,,M,,,,,,,,,,,,,,,M,M,M,M,M,M,M,M,,,M,M,M,M,M,M,M,M,,,,
BUNNY,21-FEB-24 00.00.00,,,,,,,M,,,,,,,,E,E,,,,,E,,M,M,,,,,,M,,,,,,,,,,,,,,,M,M,M,M,M,M,M,M,,,M,M,M,M,M,M,M,M,,,,
BUNNY,22-FEB-24 00.00.00,,,,,,,M,,,,,,,,E,E,,,,,E,,M,M,,,,,,M,,,,,,,,,,,,,,,M,M,M,M,M,M,M,M,,,M,M,M,M,M,M,M,M,,,,
BUNNY,23-FEB-24 00.00.00,,,,,,,M,,,,,,,,E,E,,,,,E,,M,M,,,,,,M,,,,,,,,,,,,,,,M,M,M,M,M,M,M,M,,,M,M,M,M,M,M,M,M,,,,
BUNNY,24-FEB-24 00.00.00,,,,,,,M,,,,,,,,E,E,,,,,E,,M,M,,,,,,M,,,,,,,,,,,,,,,M,M,M,M,M,M,M,M,,,M,M,M,M,M,M,M,M,,,,
BUNNY,25-FEB-24 00.00.00,,,,,,,M,,,,,,,,E,E,,,,,E,,M,M,,,,,,M,,,,,,,,,,,,,,,M,M,M,M,M,M,M,M,,,M,M,M,M,M,M,M,M,,,,
BUNNY,26-FEB-24 00.00.00,,,,,,,M,,,,,,,,E,E,,,,,E,,M,M,,,,,,M,,,,,,,,,,,,,,,M,M,M,M,M,M,M,M,,,M,M,M,M,M,M,M,M,,,,
BUNNY,27-FEB-24 00.00.00,,,,,,,M,,,,,,,,E,E,,,,,E,,M,M,,,,,,M,,,,,,,,,,,,,,,M,M,M,M,M,M,M,M,,,M,M,M,M,M,M,M,M,,,,
BUNNY,28-FEB-24 00.00.00,,,,,,,M,,,,,,,,E,E,,,,,E,,M,M,,,,,,M,,,,,,,,,,,,,,,M,M,M,M,M,M,M,M,,,M,M,M,M,M,M,M,M,,,,
BUNNY,29-FEB-24 00.00.00,,,,,,,M,,,,,,,,E,E,,,,,E,,M,M,,,,,,M,,,,,,,,,,,,,,,M,M,M,M,M,M,M,M,,,M,M,M,M,M,M,M,M,,,,
BUNNY,01-MAR-24 00.00.00,,,,,,,M,,,,,,,,E,E,,,,,E,,M,M,,,,,,M,,,,,,,,,,,,,,,M,M,M,M,M,M,M,M,,,M,M,M,M,M,M,M,M,,,,
BUNNY,02-MAR-24 00.00.00,,,,,,,M,,,,,,,,E,E,,,,,E,,M,M,,,,,,M,,,,,,,,,,,,,,,M,M,M,M,M,M,M,M,,,M,M,M,M,M,M,M,M,,,,
BUNNY,03-MAR-24 00.00.00,,,,,,,M,,,,,,,,E,E,,,,,E,,M,M,,,,,,M,,,,,,,,,,,,,,,M,M,M,M,M,M,M,M,,,M,M,M,M,M,M,M,M,,,,
BUNNY,04-MAR-24 00.00.00,,,,,,,M,,,,,,,,E,E,,,,,E,,M,M,,,,,,M,,,,,,,,,,,,,,,M,M,M,M,M,M,M,M,,,M,M,M,M,M,M,M,M,,,,
BUNNY,05-MAR-24 00.00.00,,,,,,,M,,,,,,,,E,E,,,,,E,,M,M,,,,,,M,,,,,,,,,,,,,,,M,M,M,M,M,M,M,M,,,M,M,M,M,M,M,M,M,,,,
BUNNY,06-MAR-24 00.00.00,,,,,,,M,,,,,,,,E,E,,,,,E,,M,M,,,,,,M,,,,,,,,,,,,,,,M,M,M,M,M,M,M,M,,,M,M,M,M,M,M,M,M,,,,
BUNNY,07-MAR-24 00.00.00,,,,,,,M,,,,,,,,E,E,,,,,E,,M,M,,,,,,M,,,,,,,,,,,,,,,M,M,M,M,M,M,M,M,,,M,M,M,M,M,M,M,M,,,,
BUNNY,08-MAR-24 00.00.00,,,,,,,M,,,,,,,,E,E,,,,,E,,M,M,,,,,,M,,,,,,,,,,,,,,,M,M,M,M,M,M,M,M,,,M,M,M,M,M,M,M,M,,,,
BUNNY,09-MAR-24 00.00.00,,,,,,,M,,,,,,,,E,E,,,,,E,,M,M,,,,,,M,,,,,,,,,,,,,,,M,M,M,M,M,M,M,M,,,M,M,M,M,M,M,M,M,,,,
BUNNY,10-MAR-24 00.00.00,,,,,,,M,,,,,,,,E,E,,,,,E,,M,M,,,,,,M,,,,,,,,,,,,,,,M,M,M,M,M,M,M,M,,,M,M,M,M,M,M,M,M,,,,
BUNNY,11-MAR-24 00.00.00,,,,,,,M,,,,,,,,E,E,,,,,E,,M,M,,,,,,M,,,,,,,,,,,,,,,M,M,M,M,M,M,M,M,,,M,M,M,M,M,M,M,M,,,,
BUNNY,12-MAR-24 00.00.00,,,,,,,M,,,,,,,,E,E,,,,,E,,M,M,,,,,,M,,,,,,,,,,,,,,,M,M,M,M,M,M,M,M,,,M,M,M,M,M,M,M,M,,,,
BUNNY,13-MAR-24 00.00.00,,,,,,,M,,,,,,,,E,E,,,,,E,,M,M,,,,,,M,,,,,,,,,,,,,,,M,M,M,M,M,M,M,M,,,M,M,M,M,M,M,M,M,,,,
BUNNY,14-MAR-24 00.00.00,,,,,,,M,,,,,,,,E,E,,,,,E,,M,M,,,,,,M,,,,,,,,,,,,,,,M,M,M,M,M,M,M,M,,,M,M,M,M,M,M,M,M,,,,
BUNNY,15-MAR-24 00.00.00,,,,,,,M,,,,,,,,E,E,,,,,E,,M,M,,,,,,M,,,,,,,,,,,,,,,M,M,M,M,M,M,M,M,,,M,M,M,M,M,M,M,M,,,,
BUNNY,16-MAR-24 00.00.00,,,,,,,M,,,,,,,,E,E,,,,,E,,M,M,,,,,,M,,,,,,,,,,,,,,,M,M,M,M,M,M,M,M,,,M,M,M,M,M,M,M,M,,,,
BUNNY,17-MAR-24 00.00.00,,,,,,,M,,,,,,,,E,E,,,,,E,,M,M,,,,,,M,,,,,,,,,,,,,,,M,M,M,M,M,M,M,M,,,M,M,M,M,M,M,M,M,,,,
BUNNY,18-MAR-24 00.00.00,,,,,,,M,,,,,,,,E,E,,,,,E,,M,M,,,,,,M,,,,,,,,,,,,,,,M,M,M,M,M,M,M,M,,,M,M,M,M,M,M,M,M,,,,
BUNNY,19-MAR-24 00.00.00,,,,,,,M,,,,,,,,E,E,,,,,E,,M,M,,,,,,M,,,,,,,,,,,,,,,M,M,M,M,M,M,M,M,,,M,M,M,M,M,M,M,M,,,,
BUNNY,20-MAR-24 00.00.00,,,,,,,M,,,,,,,,E,E,,,,,E,,M,M,,,,,,M,,,,,,,,,,,,,,,M,M,M,M,M,M,M,M,,,M,M,M,M,M,M,M,M,,,,
BUNNY,21-MAR-24 00.00.00,,,,,,,M,,,,,,,,E,E,,,,,E,,M,M,,,,,,M,,,,,,,,,,,,,,,M,M,M,M,M,M,M,M,,,M,M,M,M,M,M,M,M,,,,
BUNNY,22-MAR-24 00.00.00,,,,,,,M,,,,,,,,E,E,,,,,E,,M,M,,,,,,M,,,,,,,,,,,,,,,M,M,M,M,M,M,M,M,,,M,M,M,M,M,M,M,M,,,,
BUNNY,23-MAR-24 00.00.00,,,,,,,M,,,,,,,,E,E,,,,,E,,M,M,,,,,,M,,,,,,,,,,,,,,,M,M,M,M,M,M,M,M,,,M,M,M,M,M,M,M,M,,,,
BUNNY,24-MAR-24 00.00.00,,,,,,,M,,,,,,,,E,E,,,,,E,,M,M,,,,,,M,,,,,,,,,,,,,,,M,M,M,M,M,M,M,M,,,M,M,M,M,M,M,M,M,,,,
BUNNY,25-MAR-24 00.00.00,,,,,,,M,,,,,,,,E,E,,,,,E,,M,M,,,,,,M,,,,,,,,,,,,,,,M,M,M,M,M,M,M,M,,,M,M,M,M,M,M,M,M,,,,
BUNNY,26-MAR-24 00.00.00,,,,,,,M,,,,,,,,E,E,,,,,E,,M,M,,,,,,M,,,,,,,,,,,,,,,M,M,M,M,M,M,M,M,,,M,M,M,M,M,M,M,M,,,,
BUNNY,27-MAR-24 00.00.00,,,,,,,M,,,,,,,,E,E,,,,,E,,M,M,,,,,,M,,,,,,,,,,,,,,,M,M,M,M,M,M,M,M,,,M,M,M,M,M,M,M,M,,,,
BUNNY,28-MAR-24 00.00.00,,,,,,,M,,,,,,,,E,E,,,,,E,,M,M,,,,,,M,,,,,,,,,,,,,,,M,M,M,M,M,M,M,M,,,M,M,M,M,M,M,M,M,,,,
BUNNY,29-MAR-24 00.00.00,,,,,,,M,,,,,,,,E,E,,,,,E,,M,M,,,,,,M,,,,,,,,,,,,,,,M,M,M,M,M,M,M,M,,,M,M,M,M,M,M,M,M,,,,
BUNNY,30-MAR-24 00.00.00,,,,,,,M,,,,,,,,E,E,,,,,E,,M,M,,,,,,M,,,,,,,,,,,,,,,M,M,M,M,M,M,M,M,,,M,M,M,M,M,M,M,M,,,,
BUNNY,31-MAR-24 00.00.00,,,,,,,M,,,,,,,,E,E,,,,,E,,M,M,,,,,,M,,,,,,,,,,,,,,,M,M,M,M,M,M,M,M,,,M,M,M,M,M,M,M,M,,,,
BUNNY,01-APR-24 00.00.00,,,,,,,M,,,,,,,,E,E,,,,,E,,M,M,,,,,,M,,,,,,,,,,,,,,,M,M,M,M,M,M,M,M,,,M,M,M,M,M,M,M,M,,,,
BUNNY,02-APR-24 00.00.00,,,,,,,M,,,,,,,,E,E,,,,,E,,M,M,,,,,,M,,,,,,,,,,,,,,,M,M,M,M,M,M,M,M,,,M,M,M,M,M,M,M,M,,,,
BUNNY,03-APR-24 00.00.00,,,,,,,M,,,,,,,,E,E,,,,,E,,M,M,,,,,,M,,,,,,,,,,,,,,,M,M,M,M,M,M,M,M,,,M,M,M,M,M,M,M,M,,,,
BUNNY,04-APR-24 00.00.00,,,,,,,M,,,,,,,,E,E,,,,,E,,M,M,,,,,,M,,,,,,,,,,,,,,,M,M,M,M,M,M,M,M,,,M,M,M,M,M,M,M,M,,,,
BUNNY,05-APR-24 00.00.00,,,,,,,M,,,,,,,,E,E,,,,,E,,M,M,,,,,,M,,,,,,,,,,,,,,,M,M,M,M,M,M,M,M,,,M,M,M,M,M,M,M,M,,,,
BUNNY,06-APR-24 00.00.00,,,,,,,M,,,,,,,,E,E,,,,,E,,M,M,,,,,,M,,,,,,,,,,,,,,,M,M,M,M,M,M,M,M,,,M,M,M,M,M,M,M,M,,,,
BUNNY,07-APR-24 00.00.00,,,,,,,M,,,,,,,,E,E,,,,,E,,M,M,,,,,,M,,,,,,,,,,,,,,,M,M,M,M,M,M,M,M,,,M,M,M,M,M,M,M,M,,,,
BUNNY,08-APR-24 00.00.00,,,,,,,M,,,,,,,,E,E,,,,,E,,M,M,,,,,,M,,,,,,,,,,,,,,,M,M,M,M,M,M,M,M,,,M,M,M,M,M,M,M,M,,,,
BUNNY,09-APR-24 00.00.00,,,,,,,M,,,,,,,,E,E,,,,,E,,M,M,,,,,,M,,,,,,,,,,,,,,,M,M,M,M,M,M,M,M,,,M,M,M,M,M,M,M,M,,,,
BUNNY,10-APR-24 00.00.00,,,,,,,M,,,,,,,,E,E,,,,,E,,M,M,,,,,,M,,,,,,,,,,,,,,,M,M,M,M,M,M,M,M,,,M,M,M,M,M,M,M,M,,,,
BUNNY,11-APR-24 00.00.00,,,,,,,M,,,,,,,,E,E,,,,,E,,M,M,,,,,,M,,,,,,,,,,,,,,,M,M,M,M,M,M,M,M,,,M,M,M,M,M,M,M,M,,,,
BUNNY,12-APR-24 00.00.00,,,,,,,M,,,,,,,,E,E,,,,,E,,M,M,,,,,,M,,,,,,,,,,,,,,,M,M,M,M,M,M,M,M,,,M,M,M,M,M,M,M,M,,,,
BUNNY,13-APR-24 00.00.00,,,,,,,M,,,,,,,,E,E,,,,,E,,M,M,,,,,,M,,,,,,,,,,,,,,,M,M,M,M,M,M,M,M,,,M,M,M,M,M,M,M,M,,,,
BUNNY,14-APR-24 00.00.00,,,,,,,M,,,,,,,,E,E,,,,,E,,M,M,,,,,,M,,,,,,,,,,,,,,,M,M,M,M,M,M,M,M,,,M,M,M,M,M,M,M,M,,,,
BUNNY,15-APR-24 00.00.00,,,,,,,M,,,,,,,,E,E,,,,,E,,M,M,,,,,,M,,,,,,,,,,,,,,,M,M,M,M,M,M,M,M,,,M,M,M,M,M,M,M,M,,,,
BUNNY,16-APR-24 00.00.00,E,E,,,,E,M,E,E,E,E,E,E,E,E,E,E,E,E,E,E,,M,M,E,E,E,E,,M,,,,,,,,E,E,E,E,E,,,M,M,M,M,M,M,M,M,,,M,M,M,M,M,M,M,M,E,E,,
BUNNY,17-APR-24 00.00.00,,,,,,,M,,,,,,,,E,E,,,,,E,,,M,,,,,,M,,,,,,,,,,,,,,,M,M,M,M,M,M,M,M,,,M,M,M,M,M,M,M,M,,,,
BUNNY,18-APR-24 00.00.00,,,,,,,M,,,,,,,,E,E,,,,,E,,,M,,,,,,M,,,,,,,,,,,,,,,M,M,M,M,M,M,M,M,,,M,M,M,M,M,M,M,M,,,,
BUNNY,19-APR-24 00.00.00,,,,,,,M,,,,,,,,E,E,,,,,E,,,M,,,,,,M,,,,,,,,,,,,,,,M,M,M,M,M,M,M,M,,,M,M,M,M,M,M,M,M,,,,
BUNNY,20-APR-24 00.00.00,,,,,,,M,,,,,,,,E,E,,,,,E,,,M,,,,,,M,,,,,,,,,,,,,,,M,M,M,M,M,M,M,M,,,M,M,M,M,M,M,M,M,,,,
BUNNY,21-APR-24 00.00.00,,,,,,,M,,,,,,,,E,E,,,,,E,,,M,,,,,,M,,,,,,,,,,,,,,,M,M,M,M,M,M,M,M,,,M,M,M,M,M,M,M,M,,,,
BUNNY,22-APR-24 00.00.00,,,,,,,M,,,,,,,,E,E,,,,,E,,,M,,,,,,M,,,,,,,,,,,,,,,M,M,M,M,M,M,M,M,,,M,M,M,M,M,M,M,M,,,,
BUNNY,23-APR-24 00.00.00,,,,,,,M,,,,,,,,E,E,,,,,E,,,M,,,,,,M,,,,,,,,,,,,,,,M,M,M,M,M,M,M,M,,,M,M,M,M,M,M,M,M,,,,
BUNNY,24-APR-24 00.00.00,,,,,,,M,,,,,,,,E,E,,,,,E,,,M,,,,,,M,,,,,,,,,,,,,,,M,M,M,M,M,M,M,M,,,M,M,M,M,M,M,M,M,,,,
BUNNY,25-APR-24 00.00.00,,,,,,,M,,,,,,,,E,E,,,,,E,,,M,,,,,,M,,,,,,,,,,,,,,,M,M,M,M,M,M,M,M,,,M,M,M,M,M,M,M,M,,,,
BUNNY,26-APR-24 00.00.00,,,,,,,M,,,,,,,,E,E,,,,,E,,,M,,,,,,M,,,,,,,,,,,,,,,M,M,M,M,M,M,M,M,,,M,M,M,M,M,M,M,M,,,,
BUNNY,27-APR-24 00.00.00,,,,,,,M,,,,,,,,E,E,,,,,E,,,M,,,,,,M,,,,,,,,,,,,,,,M,M,M,M,M,M,M,M,,,M,M,M,M,M,M,M,M,,,,
BUNNY,28-APR-24 00.00.00,,,,,,,M,,,,,,,,E,E,,,,,E,,,M,,,,,,M,,,,,,,,,,,,,,,M,M,M,M,M,M,M,M,,,M,M,M,M,M,M,M,M,,,,
BUNNY,29-APR-24 00.00.00,,,,,,,M,,,,,,,,E,E,,,,,E,,,M,,,,,,M,,,,,,,,,,,,,,,M,M,M,M,M,M,M,M,,,M,M,M,M,M,M,M,M,,,,
BUNNY,30-APR-24 00.00.00,,,,,,,M,,,,,,,,E,E,,,,,E,,,M,,,,,,M,,,,,,,,,,,,,,,M,M,M,M,M,M,M,M,,,M,M,M,M,M,M,M,M,,,,
BUNNY,01-MAY-24 00.00.00,,,,,,,M,,,,,,,,E,E,,,,,E,,,M,,,,,,M,,,,,,,,,,,,,,,M,M,M,M,M,M,M,M,,,M,M,M,M,M,M,M,M,,,,
BUNNY,02-MAY-24 00.00.00,,,,,,,M,,,,,,,,E,E,,,,,E,,,M,,,,,,M,,,,,,,,,,,,,,,M,M,M,M,M,M,M,M,,,M,M,M,M,M,M,M,M,,,,
BUNNY,03-MAY-24 00.00.00,,,,,,,M,,,,,,,,E,E,,,,,E,,,M,,,,,,M,,,,,,,,,,,,,,,M,M,M,M,M,M,M,M,,,M,M,M,M,M,M,M,M,,,,
BUNNY,04-MAY-24 00.00.00,,,,,,,M,,,,,,,,E,E,,,,,E,,,M,,,E,,,M,,,,,,,,E,,,,,,,M,M,M,M,M,M,M,M,,,M,M,M,M,M,M,M,M,,,,
BUNNY,05-MAY-24 00.00.00,,,,,,,M,,,,,,,,E,E,,,,,E,,,M,,,,,,M,,,,,,,,,,,,,,,M,M,M,M,M,M,M,M,,,M,M,M,M,M,M,M,M,,,,
BUNNY,06-MAY-24 00.00.00,,,,,,,M,,,,,,,,E,E,,,,,E,,,M,,,,,,M,,,,,,,,,,,,,,,M,M,M,M,M,M,M,M,,,M,M,M,M,M,M,M,M,,,,
BUNNY,07-MAY-24 00.00.00,,,,,,,M,,,,,,,,E,E,,,,,E,,,M,,,,,,M,,,,,,,,,,,,,,,M,M,M,M,M,M,M,M,,,M,M,M,M,M,M,M,M,,,,
BUNNY,08-MAY-24 00.00.00,,,,,,,M,,,,,,,,E,E,,,,,E,,,M,,,,,,M,,,,,,,,,,,,,,,M,M,M,M,M,M,M,M,,,M,M,M,M,M,M,M,M,,,,
BUNNY,09-MAY-24 00.00.00,,,,,,,M,,,,,,,,E,E,,,,,E,,,M,,,,,,M,,,,,,,,,,,,,,,M,M,M,M,M,M,M,M,,,M,M,M,M,M,M,M,M,,,,
BUNNY,10-MAY-24 00.00.00,,,,,,,M,,,,,,,,E,E,,,,,E,,,M,,,,,,M,,,,,,,,,,,,,,,M,M,M,M,M,M,M,M,,,M,M,M,M,M,M,M,M,,,,
BUNNY,11-MAY-24 00.00.00,,,,,,,M,,,,,,,,E,E,,,,,E,,,M,,,,,,M,,,,,,,,,,,,,,,M,M,M,M,M,M,M,M,,,M,M,M,M,M,M,M,M,,,,
BUNNY,12-MAY-24 00.00.00,,,,,,,M,,,,,,,,E,E,,,,,E,,,M,,,,,,M,,,,,,,,,,,,,,,M,M,M,M,M,M,M,M,,,M,M,M,M,M,M,M,M,,,,
BUNNY,13-MAY-24 00.00.00,,,,,,,M,,,,,,,,E,E,,,,,E,,,M,,,,,,M,,,,,,,,,,,,,,,M,M,M,M,M,M,M,M,,,M,M,M,M,M,M,M,M,,,,
BUNNY,14-MAY-24 00.00.00,,,,,,,M,,,,,,,,E,E,,,,,E,,,M,,,,,,M,,,,,,,,,,,,,,,M,M,M,M,M,M,M,M,,,M,M,M,M,M,M,M,M,,,,
BUNNY,15-MAY-24 00.00.00,,,,,,,M,,,,,,,,E,E,,,,,E,,,M,,,,,,M,,,,,,,,,,,,,,,M,M,M,M,M,M,M,M,,,M,M,M,M,M,M,M,M,,,,
BUNNY,16-MAY-24 00.00.00,,,,,,,M,,,,,,,,E,E,,,,,E,,,M,,,,,,M,,,,,,,,,,,,,,,M,M,M,M,M,M,M,M,,,M,M,M,M,M,M,M,M,,,,
BUNNY,17-MAY-24 00.00.00,,,,,,,M,,,,,,,,E,E,,,,,E,,,M,,,,,,M,,,,,,,,,,,,,,,M,M,M,M,M,M,M,M,,,M,M,M,M,M,M,M,M,,,,
BUNNY,18-MAY-24 00.00.00,,,,,,,M,,,,,,,,E,E,,,,,E,,,M,,,,,,M,,,,,,,,,,,,,,,M,M,M,M,M,M,M,M,,,M,M,M,M,M,M,M,M,,,,
BUNNY,19-MAY-24 00.00.00,,,,,,,M,,,,,,,,E,E,,,,,E,,,M,,,,,,M,,,,,,,,,,,,,,,M,M,M,M,M,M,M,M,,,M,M,M,M,M,M,M,M,,,,
BUNNY,20-MAY-24 00.00.00,,,,,,,M,,,,,,,,E,E,,,,,E,,,M,,,,,,M,,,,,,,,,,,,,,,M,M,M,M,M,M,M,M,,,M,M,M,M,M,M,M,M,,,,
BUNNY,21-MAY-24 00.00.00,,,,,,,M,,,,,,,,E,E,,,,,E,,,M,,,,,,M,,,,,,,,,,,,,,,M,M,M,M,M,M,M,M,,,M,M,M,M,M,M,M,M,,,,
BUNNY,22-MAY-24 00.00.00,,,,,,,M,,,,,,,,E,E,,,,,E,,,M,,,,,,M,,,,,,,,,,,,,,,M,M,M,M,M,M,M,M,,,M,M,M,M,M,M,M,M,,,,
BUNNY,23-MAY-24 00.00.00,,,,,,,M,,,,,,,,E,E,,,,,E,,,M,,,,,,M,,,,,,,,,,,,,,,M,M,M,M,M,M,M,M,,,M,M,M,M,M,M,M,M,,,,
BUNNY,24-MAY-24 00.00.00,,,,,,,M,,,,,,,,E,E,,,,,E,,,M,,,,,,M,,,,,,,,,,,,,,,M,M,M,M,M,M,M,M,,,M,M,M,M,M,M,M,M,,,,
BUNNY,25-MAY-24 00.00.00,,,,,,,M,,,,,,,,E,E,,,,,E,,,M,,,,,,M,,,,,,,,,,,,,,,M,M,M,M,M,M,M,M,,,M,M,M,M,M,M,M,M,,,,
BUNNY,26-MAY-24 00.00.00,,,,,,,M,,,,,,,,E,E,,,,,E,,,M,,,,,,M,,,,,,,,,,,,,,,M,M,M,M,M,M,M,M,,,M,M,M,M,M,M,M,M,,,,
BUNNY,27-MAY-24 00.00.00,,,,,,,M,,,,,,,,E,E,,,,,E,,,M,,,,,,M,,,,,,,,,,,,,,,M,M,M,M,M,M,M,M,,,M,M,M,M,M,M,M,M,,,,
BUNNY,28-MAY-24 00.00.00,,,,,,,M,,,,,,,,E,E,,,,,E,,,M,,,,,,M,,,,,,,,,,,,,,,M,M,M,M,M,M,M,M,,,M,M,M,M,M,M,M,M,,,,
BUNNY,29-MAY-24 00.00.00,,,,,,,M,,,,,,,,E,E,,,,,E,,,M,,,,,,M,,,,,,,,,,,,,,,M,M,M,M,M,M,M,M,,,M,M,M,M,M,M,M,M,,,,
BUNNY,30-MAY-24 00.00.00,,,,,,,M,,,,,,,,E,E,,,,,E,,,M,,,,,,M,,,,,,,,,,,,,,,M,M,M,M,M,M,M,M,,,M,M,M,M,M,M,M,M,,,,
BUNNY,31-MAY-24 00.00.00,,,,,,,M,,,,,,,,E,E,,,,,E,,,M,,,,,,M,,,,,,,,,,,,,,,M,M,M,M,M,M,M,M,,,M,M,M,M,M,M,M,M,,,,
BUNNY,01-JUN-24 00.00.00,,,,,,,M,,,,,,,,E,E,,,,,E,,,M,,,,,,M,,,,,,,,,,,,,,,M,M,M,M,M,M,M,M,,,M,M,M,M,M,M,M,M,,,,
BUNNY,02-JUN-24 00.00.00,,,,,,,M,,,,,,,,E,E,,,,,E,,,M,,,,,,M,,,,,,,,,,,,,,,M,M,M,M,M,M,M,M,,,M,M,M,M,M,M,M,M,,,,
BUNNY,03-JUN-24 00.00.00,,,,,,,M,,,,,,,,E,E,,,,,E,,,M,,,,,,M,,,,,,,,,,,,,,,M,M,M,M,M,M,M,M,,,M,M,M,M,M,M,M,M,,,,
BUNNY,04-JUN-24 00.00.00,,,,,,,M,,,,,,,,E,E,,,,,E,,,M,,,,,,M,,,,,,,,,,,,,,,M,M,M,M,M,M,M,M,,,M,M,M,M,M,M,M,M,,,,
BUNNY,05-JUN-24 00.00.00,,,,,,,M,,,,,,,,E,E,,,,,E,,,M,,,,,,M,,,,,,,,,,,,,,,M,M,M,M,M,M,M,M,,,M,M,M,M,M,M,M,M,,,,
BUNNY,06-JUN-24 00.00.00,,,,,,,M,,,,,,,,E,E,,,,,E,,,M,,,,,,M,,,,,,,,,,,,,,,M,M,M,M,M,M,M,M,,,M,M,M,M,M,M,M,M,,,,
BUNNY,07-JUN-24 00.00.00,,,,,,,M,,,,,,,,E,E,,,,,E,,,M,,,,,,M,,,,,,,,,,,,,,,M,M,M,M,M,M,M,M,,,M,M,M,M,M,M,M,M,,,,
BUNNY,08-JUN-24 00.00.00,,,,,,,M,,,,,,,,E,E,,,,,E,,,M,,,,,,M,,,,,,,,,,,,,,,M,M,M,M,M,M,M,M,,,M,M,M,M,M,M,M,M,,,,
BUNNY,09-JUN-24 00.00.00,,,,,,,M,,,,,,,,E,E,,,,,E,,,M,,,,,,M,,,,,,,,,,,,,,,M,M,M,M,M,M,M,M,,,M,M,M,M,M,M,M,M,,,,
BUNNY,10-JUN-24 00.00.00,,,,,,,M,,,,,,,,E,E,,,,,E,,,M,,,,,,M,,,,,,,,,,,,,,,M,M,M,M,M,M,M,M,,,M,M,M,M,M,M,M,M,,,,
BUNNY,11-JUN-24 00.00.00,,,,,,,M,,,,,,,,E,E,,,,,E,,,M,,,,,,M,,,,,,,,,,,,,,,M,M,M,M,M,M,M,M,,,M,M,M,M,M,M,M,M,,,,
BUNNY,12-JUN-24 00.00.00,,,,,,,M,,,,,,,,E,E,,,,,E,,,M,,,,,,M,,,,,,,,,,,,,,,M,M,M,M,M,M,M,M,,,M,M,M,M,M,M,M,M,,,,
BUNNY,13-JUN-24 00.00.00,,,,,,,M,,,,,,,,E,E,,,,,E,,,M,,,,,,M,,,,,,,,,,,,,,,M,M,M,M,M,M,M,M,,,M,M,M,M,M,M,M,M,,,,
BUNNY,14-JUN-24 00.00.00,,,,,,,M,,,,,,,,E,E,,,,,E,,,M,,,,,,M,,,,,,,,,,,,,,,M,M,M,M,M,M,M,M,,,M,M,M,M,M,M,M,M,,,,
BUNNY,15-JUN-24 00.00.00,,,,,,,M,,,,,,,,E,E,,,,,E,,,M,,,,,,M,,,,,,,,,,,,,,,M,M,M,M,M,M,M,M,,,M,M,M,M,M,M,M,M,,,,
BUNNY,16-JUN-24 00.00.00,,,,,,,M,,,,,,,,E,E,,,,,E,,,M,,,,,,M,,,,,,,,,,,,,,,M,M,M,M,M,M,M,M,,,M,M,M,M,M,M,M,M,,,,
BUNNY,17-JUN-24 00.00.00,,,,,,,M,,,,,,,,E,E,,,,,E,,,M,,,,,,M,,,,,,,,,,,,,,,M,M,M,M,M,M,M,M,,,M,M,M,M,M,M,M,M,,,,
BUNNY,18-JUN-24 00.00.00,,,,,,,M,,,,,,,,E,E,,,,,E,,,M,,,,,,M,,,,,,,,,,,,,,,M,M,M,M,M,M,M,M,,,M,M,M,M,M,M,M,M,,,,
BUNNY,19-JUN-24 00.00.00,,,,,,,M,,,,,,,,E,E,,,,,E,,,M,,,,,,M,,,,,,,,,,,,,,,M,M,M,M,M,M,M,M,,,M,M,M,M,M,M,M,M,,,,
BUNNY,20-JUN-24 00.00.00,,,,,,,M,,,,,,,,E,E,,,,,E,,,M,,,,,,M,,,,,,,,,,,,,,,M,M,M,M,M,M,M,M,,,M,M,M,M,M,M,M,M,,,,
BUNNY,21-JUN-24 00.00.00,,,,,,,M,,,,,,,,E,E,,,,,E,,,M,,,,,,M,,,,,,,,,,,,,,,M,M,M,M,M,M,M,M,,,M,M,M,M,M,M,M,M,,,,
BUNNY,22-JUN-24 00.00.00,,,,,,,M,,,,,,,,E,E,,,,,E,,,M,,,,,,M,,,,,,,,,,,,,,,M,M,M,M,M,M,M,M,,,M,M,M,M,M,M,M,M,,,,
BUNNY,23-JUN-24 00.00.00,,,,,,,M,,,,,,,,E,E,,,,,E,,,M,,,,,,M,,,,,,,,,,,,,,,M,M,M,M,M,M,M,M,,,M,M,M,M,M,M,M,M,,,,
BUNNY,24-JUN-24 00.00.00,,,,,,,M,,,,,,,,E,E,,,,,E,,,M,,,,,,M,,,,,,,,,,,,,,,M,M,M,M,M,M,M,M,,,M,M,M,M,M,M,M,M,,,,
BUNNY,25-JUN-24 00.00.00,,,,,,,M,,,,,,,,E,E,,,,,E,,,M,,,,,,M,,,,,,,,,,,,,,,M,M,M,M,M,M,M,M,,,M,M,M,M,M,M,M,M,,,,
BUNNY,26-JUN-24 00.00.00,,,,,,,M,,,,,,,,E,E,,,,,E,,,M,,,,,,M,,,,,,,,,,,,,,,M,M,M,M,M,M,M,M,,,M,M,M,M,M,M,M,M,,,,
BUNNY,27-JUN-24 00.00.00,,,,,,,M,,,,,,,,E,E,,,,,E,,,M,,,,,,M,,,,,,,,,,,,,,,M,M,M,M,M,M,M,M,,,M,M,M,M,M,M,M,M,,,,
BUNNY,28-JUN-24 00.00.00,,,,,,,M,,,,,,,,E,E,,,,,E,,,M,,,,,,M,,,,,,,,,,,,,,,M,M,M,M,M,M,M,M,,,M,M,M,M,M,M,M,M,,,,
BUNNY,29-JUN-24 00.00.00,,,,,,,M,,,,,,,,E,E,,,,,E,,,M,,,,,,M,,,,,,,,,,,,,,,M,M,M,M,M,M,M,M,,,M,M,M,M,M,M,M,M,,,,
BUNNY,30-JUN-24 00.00.00,,,,,,,M,,,,,,,,E,E,,,,,E,,,M,,,,,,M,,,,,,,,,,,,,,,M,M,M,M,M,M,M,M,,,M,M,M,M,M,M,M,M,,,,
FINCH,02-JAN-24 00.00.00,,,,,,,M,,,,,,,,E,E,,,,,E,,,M,,,,,,M,,,,,,,,,,,,,,,,,,,,,,,,,,,,,,,,,,,,
FINCH,03-JAN-24 00.00.00,,,,,,,M,,,,,,,,E,E,,,,,E,,,M,,,,,,M,,,,,,,,,,,,,,,,,,,,,,,,,,,,,,,,,,,,
FINCH,04-JAN-24 00.00.00,,,,,,,M,,,,,,,,E,E,,,,,E,,,M,,,,,,M,,,,,,,,,,,,,,,,,,,,,,,,,,,,,,,,,,,,
FINCH,05-JAN-24 00.00.00,,,,,,,M,,,,,,,,E,E,,,,,E,,,M,,,,,,M,,,,,,,,,,,,,,,,,,,,,,,,,,,,,,,,,,,,
FINCH,06-JAN-24 00.00.00,,,,,,,M,,,,,,,,E,E,,,,,E,,M,M,,,,,,M,,,,,,,,,,,,,,,,,,,,,,,,,,,,,,,,,,,,
FINCH,07-JAN-24 00.00.00,,,,,,,M,,,,,,,,E,E,,,,,E,,M,M,,,,,,M,,,,,,,,,,,,,,,,,,,,,,,,,,,,,,,,,,,,
FINCH,08-JAN-24 00.00.00,,,,,,,M,,,,,,,,E,E,,,,,E,,,M,,,,,,M,,,,,,,,,,,,,,,,,,,,,,,,,,,,,,,,,,,,
FINCH,09-JAN-24 00.00.00,,,,,,,M,,,,,,,,E,E,,,,,E,,,M,,,,,,M,,,,,,,,,,,,,,,,,,,,,,,,,,,,,,,,,,,,
FINCH,10-JAN-24 00.00.00,,,,,,,M,,,,,,,,E,E,,,,,E,,,M,,,,,,M,,,,,,,,,,,,,,,,,,,,,,,,,,,,,,,,,,,,
FINCH,11-JAN-24 00.00.00,,,,,,,M,,,,,,,,E,E,,,,,E,,,M,,,,,,M,,,,,,,,,,,,,,,,,,,,,,,,,,,,,,,,,,,,
FINCH,12-JAN-24 00.00.00,,,,,,,M,,,,,,,,E,E,,,,,E,,M,M,,,,,,M,,,,,,,,,,,,,,,,,,,,,,,,,,,,,,,,,,,,
FINCH,13-JAN-24 00.00.00,,,,,,,M,,,,,,,,E,E,,,,,E,,,M,,,,,,M,,,,,,,,,,,,,,,,,,,,,,,,,,,,,,,,,,,,
FINCH,14-JAN-24 00.00.00,,,,,,,M,,,,,,,,E,E,,,,,E,,,M,,,,,,M,,,,,,,,,,,,,,,,,,,,,,,,,,,,,,,,,,,,
FINCH,15-JAN-24 00.00.00,,,,,,,M,,,,,,,,E,E,,,,,E,,,M,,,,,,M,,,,,,,,,,,,,,,,,,,,,,,,,,,,,,,,,,,,
FINCH,16-JAN-24 00.00.00,,,,,,,M,,,,,,,,E,E,,,,,E,,,M,,,,,,M,,,,,,,,,,,,,,,,,,,,,,,,,,,,,,,,,,,,
FINCH,17-JAN-24 00.00.00,,,,,,,M,,,,,,,,E,E,,,,,E,,,M,,,,,,M,,,,,,,,,,,,,,,,,,,,,,,,,,,,,,,,,,,,
FINCH,18-JAN-24 00.00.00,,,,,,,M,,,,,,,,E,E,,,,,E,,,M,,,,,,M,,,,,,,,,,,,,,,,,,,,,,,,,M,M,,,,,,,,,,
FINCH,19-JAN-24 00.00.00,,,,,,,M,,,,,,,,E,E,,,,,E,,,M,,,,,,M,,,,,,,,,,,,,,,,,,,,,,,,M,M,M,,,,,,,,,,
FINCH,20-JAN-24 00.00.00,,,,,,,M,,,,,,,,E,E,,,,,E,,,M,,,,,,M,,,,,,,,,,,,,,,,,,,,,,,,M,M,M,,,,,,,,,,
FINCH,21-JAN-24 00.00.00,,,,,,,M,,,,,,,,E,E,,,,,E,,,M,,,,,,M,,,,,,,,,,,,,,,,,,,,,,,,,,,,,,,,,,,,
FINCH,22-JAN-24 00.00.00,,,,,,,M,,,,,,,,E,E,,,,,E,,,M,,,,,,M,,,,,,,,,,,,,,,,,,,,,,,,,,,,,,,,,,,,
FINCH,23-JAN-24 00.00.00,,,,,,,M,,,,,,,,E,E,,,,,E,,,M,,,,,,M,,,,,,,,,,,,,,,,,,,,,,,,,,,,,,,,,,,,
FINCH,24-JAN-24 00.00.00,,,,,,,M,,,,,,,,E,E,,,,,E,,,M,,,,,,M,,,,,,,,,,,,,,,,,,,,,,,,,,,,,,,,,,,,
FINCH,25-JAN-24 00.00.00,,,,,,,M,,,,,,,,E,E,,,,,E,,,M,,,,,,M,,,,,,,,,,,,,,,,,,,,,,,,,,,,,,,,,,,,
FINCH,26-JAN-24 00.00.00,,,,,,,M,,,,,,,,E,E,,,,,E,,M,M,,,,,,M,,,,,,,,,,,,,,,,,,,,,,,,,,,,,,,,,,,,
FINCH,27-JAN-24 00.00.00,,,,,,,M,,,,,,,,E,E,,,,,E,,,M,,,,,,M,,,,,,,,,,,,,,,,,,,,,,,,,,,,,,,,,,,,
FINCH,28-JAN-24 00.00.00,,,,,,,M,,,,,,,,E,E,,,,,E,,,M,,,,,,M,,,,,,,,,,,,,,,,,,,,,,,,,,,,,,,,,,,,
FINCH,29-JAN-24 00.00.00,,,,,,,M,,,,,,,,E,E,,,,,E,,,M,,,,,,M,,,,,,,,,,,,,,,,,,,,,,,,,,,,,,,,,,,,
FINCH,30-JAN-24 00.00.00,,,,,,,M,,,,,,,,E,E,,,,,E,,,M,,,,,,M,,,,,,,,,,,,,,,,,,,,,,,,,,,,,,,,,,,,
FINCH,31-JAN-24 00.00.00,,,,,,,M,,,,,,,,E,E,,,,,E,,,M,,,,,,M,,,,,,,,,,,,,,,,,,,,,,,,,,,,,,,,,,,,
FINCH,01-FEB-24 00.00.00,,,,,,,M,,,,,,,,E,E,,,,,E,,,M,,,,,,M,,,,,,,,,,,,,,,,,,,,,,,,,,,,,,,,,,,,
FINCH,02-FEB-24 00.00.00,,,,,,,M,,,,,,,,E,E,,,,,E,,,M,,,,,,M,,,,,,,,,,,,,,,,,,,,,,,,,,,,,,,,,,,,
FINCH,03-FEB-24 00.00.00,,,,,,,M,,,,,,,,E,E,,,,,E,,,M,,,,,,M,,,,,,,,,,,,,,,,,,,,,,,,,,,,,,,,,,,,
FINCH,04-FEB-24 00.00.00,,,,,,,M,,,,,,,,E,E,,,,,E,,,M,,,,,,M,,,,,,,,,,,,,,,,,,,,,,,,,,,,,,,,,,,,
FINCH,05-FEB-24 00.00.00,,,,,,,M,,,,,,,,E,E,,,,,E,,,M,,,,,,M,,,,,,,,,,,,,,,,,,,,,,,,,,,,,,,,,,,,
FINCH,06-FEB-24 00.00.00,,,,,,,M,,,,,,,,E,E,,,,,E,,,M,,,,,,M,,,,,,,,,,,,,,,,,,,,,,,,,,,,,,,,,,,,
FINCH,07-FEB-24 00.00.00,,,,,,,M,,,,,,,,E,E,,,,,E,,,M,,,,,,M,,,,,,,,,,,,,,,,,,,,,,,,,,,,,,,,,,,,
FINCH,08-FEB-24 00.00.00,,,,,,,M,,,,,,,,E,E,,,,,E,,,M,,,,,,M,,,,,,,,,,,,,,,,,,,,,,,,,,,,,,,,,,,,
FINCH,09-FEB-24 00.00.00,,,,,,,M,,,,,,,,E,E,,,,,E,,,M,,,,,,M,,,,,,,,,,,,,,,,,,,,,,,,,,,,,,,,,,,,
FINCH,10-FEB-24 00.00.00,,,,,,,M,,,,,,,,E,E,,,,,E,,,M,,,,,,M,,,,,,,,,,,,,,,,,,,,,,,,,,,,,,,,,,,,
FINCH,11-FEB-24 00.00.00,,,,,,,M,,,,,,,,E,E,,,,,E,,,M,,,,,,M,,,,,,,,,,,,,,,,,,,,,,,,,,,,,,,,,,,,
FINCH,12-FEB-24 00.00.00,,,,,,,M,,,,,,,,E,E,,,,,E,,,M,,,,,,M,,,,,,,,,,,,,,,,,,,,,,,,,,,,,,,,,,,,
FINCH,13-FEB-24 00.00.00,,,,,,,M,,,,,,,,E,E,,,,,E,,,M,,,,,,M,,,,,,,,,,,,,,,,,,,,,,,,,,,,,,,,,,,,
FINCH,14-FEB-24 00.00.00,,,,,,,M,,,,,,,,E,E,,,,,E,,,M,,,E,,,M,,,,,,,,,E,,,,,,,,,,,,,,,,,,,,,,,,,,,
FINCH,15-FEB-24 00.00.00,,,,,,,M,,,,,,,,E,E,,,,,E,,,M,,,,,,M,,,,,,,,,,,,,,,,,,,,,,,,,,,,,,,,,,,,
FINCH,16-FEB-24 00.00.00,,,,,,,M,,,,,,,,E,E,,,,,E,,,M,,,,,,M,,,,,,,,,,,,,,,,,,,,,,,,,,,,,,,,,,,,
FINCH,17-FEB-24 00.00.00,,,,,,,M,,,,,,,,E,E,,,,,E,,,M,,,,,,M,,,,,,,,,,,,,,,,,,,,,,,,,,,,,,,,,,,,
FINCH,18-FEB-24 00.00.00,,,,,,,M,,,,,,,,E,E,,,,,E,,,M,,,,,,M,,,,,,,,,,,,,,,,,,,,,,,,,,,,,,,,,,,,
FINCH,19-FEB-24 00.00.00,,,,,,,M,,,,,,,,E,E,,,,,E,,,M,,,,,,M,,,,,,,,,,,,,,,,,,,,,,,,,,,,,,,,,,,,
FINCH,20-FEB-24 00.00.00,,,,,,,M,,,,,,,,E,E,,,,,E,,,M,,,,,,M,,,,,,,,,,,,,,,,,,,,,,,,,,,,,,,,,,,,
FINCH,21-FEB-24 00.00.00,,,,,,,M,,,,,,,,E,E,,,,,E,,,M,,,,,,M,,,,,,,,,,,,,,,,,,,,,,,,,,,,,,,,,,,,
FINCH,22-FEB-24 00.00.00,,,,,,,M,,,,,,,,E,E,,,,,E,,,M,,,,,,M,,,,,,,,,,,,,,,,,,,,,,,,,,,,,,,,,,,,
FINCH,23-FEB-24 00.00.00,,,,,,,M,,,,,,,,E,E,,,,,E,,,M,,,,,,M,,,,,,,,,,,,,,,,,,,,,,,,,,,,,,,,,,,,
FINCH,24-FEB-24 00.00.00,,,,,,,M,,,,,,,,E,E,,,,,E,,M,M,,,,,,M,,,,,,,,,,,,,,,,,,,,,,,,,,,,,,,,,,,,
FINCH,25-FEB-24 00.00.00,,,,,,,M,,,,,,,,E,E,,,,,E,,M,M,,,,,,M,,,,,,,,,,,,,,,,,,,,,,,,,,,,,,,,,,,,
FINCH,26-FEB-24 00.00.00,,,,,,,M,,,,,,,,E,E,,,,,E,,M,M,,,,,,M,,,,,,,,,,,,,,,,,,,,,,,,,,,,,,,,,,,,
FINCH,27-FEB-24 00.00.00,,,,,,,M,,,,,,,,E,E,,,,,E,,M,M,,,,,,M,,,,,,,,,,,,,,,,,,,,,,,,,,,,,,,,,,,,
FINCH,28-FEB-24 00.00.00,,,,,,,M,,,,,,,,E,E,,,,,E,,M,M,,,,,,M,,,,,,,,,,,,,,,,,,,,,,,,,,,,,,,,,,,,
FINCH,29-FEB-24 00.00.00,,,,,,,M,,,,,,,,E,E,,,,,E,,,M,,,,,,M,,,,,,,,,,,,,,,,,,,,,,,,,,,,,,,,,,,,
FINCH,01-MAR-24 00.00.00,,,,,,,M,,,,,,,,E,E,,,,,E,,,M,,,,,,M,,,,,,,,,,,,,,,,,,,,,,,,,,,,,,,,,,,,
FINCH,02-MAR-24 00.00.00,,,,,,,M,,,,,,,,E,E,,,,,E,,M,M,,,,,,M,,,,,,,,,,,,,,,,,,,,,,,,,,,,,,,,,,,,
FINCH,03-MAR-24 00.00.00,,,,,,,M,,,,,,,,E,E,,,,,E,,,M,,,,,,M,,,,,,,,,,,,,,,,,,,,,,,,,,,,,,,,,,,,
FINCH,04-MAR-24 00.00.00,,,,,,,M,,,,,,,,E,E,,,,,E,,M,M,,,,,,M,,,,,,,,,,,,,,,,,,,,,,,,,,,,,,,,,,,,
FINCH,05-MAR-24 00.00.00,,,,,,,M,,,,,,,,E,E,,,,,E,,,M,,,,,,M,,,,,,,,,,,,,,,,,,,,,,,,,,,,,,,,,,,,
FINCH,06-MAR-24 00.00.00,,,,,,,M,,,,,,,,E,E,,,,,E,,M,M,,,,,,M,,,,,,,,,,,,,,,,,,,,,,,,,,,,,,,,,,,,
FINCH,07-MAR-24 00.00.00,,,,,,,M,,,,,,,,E,E,,,,,E,,M,M,,,,,,M,,,,,,,,,,,,,,,,,,,,,,,,,,,,,,,,,,,,
FINCH,08-MAR-24 00.00.00,,,,,,,M,,,,,,,,E,E,,,,,E,,M,M,,,,,,M,,,,,,,,,,,,,,,,,,,,,,,,,,,,,,,,,,,,
FINCH,09-MAR-24 00.00.00,,,,,,,M,,,,,,,,E,E,,,,,E,,M,M,,,,,,M,,,,,,,,,,,,,,,,,,,,,,,,,,,,,,,,,,,,
FINCH,10-MAR-24 00.00.00,,,,,,,M,,,,,,,,E,E,,,,,E,,,M,,,,,,M,,,,,,,,,,,,,,,,,,,,,,,,,,,,,,,,,,,,
FINCH,11-MAR-24 00.00.00,,,,,,,M,,,,,,,,E,E,,,,,E,,,M,,,,,,M,,,,,,,,,,,,,,,,,,,,,,,,,,,,,,,,,,,,
FINCH,12-MAR-24 00.00.00,,,,,,,M,,,,,,,,E,E,,,,,E,,,M,,,,,,M,,,,,,,,,,,,,,,,,,,,,,,,,,,,,,,,,,,,
FINCH,13-MAR-24 00.00.00,,,,,,,M,,,,,,,,E,E,,,,,E,,,M,,,,,,M,,,,,,,,,,,,,,,,,,,,,,,,,,,,,,,,,,,,
FINCH,14-MAR-24 00.00.00,,,,,,,M,,,,,,,,E,E,,,,,E,,,M,,,,,,M,,,,,,,,,,,,,,,,,,,,,,,,,,,,,,,,,,,,
FINCH,15-MAR-24 00.00.00,,,,,,,M,,,,,,,,E,E,,,,,E,,,M,,,,,,M,,,,,,,,,,,,,,,,,,,,,,,,,,,,,,,,,,,,
FINCH,16-MAR-24 00.00.00,,,,,,,M,,,,,,,,E,E,,,,,E,,,M,,,,,,M,,,,,,,,,,,,,,,,,,,,,,,,,,,,,,,,,,,,
FINCH,17-MAR-24 00.00.00,,,,,,,M,,,,,,,,E,E,,,,,E,,,M,,,,,,M,,,,,,,,,,,,,,,,,,,,,,,,,,,,,,,,,,,,
FINCH,18-MAR-24 00.00.00,,,,,,,M,,,,,,,,E,E,,,,,E,,,M,,,,,,M,,,,,,,,,,,,,,,,,,,,,,,,,,,,,,,,,,,,
FINCH,19-MAR-24 00.00.00,,,,,,,M,,,,,,,,E,E,,,,,E,,,M,,,,,,M,,,,,,,,,,,,,,,,,,,,,,,,,,,,,,,,,,,,
FINCH,20-MAR-24 00.00.00,,,,,,,M,,,,,,,,E,E,,,,,E,,M,M,,,,,,M,,,,,,,,,,,,,,,,,,,,,,,,,,,,,,,,,,,,
FINCH,21-MAR-24 00.00.00,,,,,,,M,,,,,,,,E,E,,,,,E,,,M,,,,,,M,,,,,,,,,,,,,,,,,,,,,,,,,,,,,,,,,,,,
FINCH,22-MAR-24 00.00.00,,,,,,,M,,,,,,,,E,E,,,,,E,,,M,,,,,,M,,,,,,,,,,,,,,,,,,,,,,,,,,,,,,,,,,,,
FINCH,23-MAR-24 00.00.00,,,,,,,M,,,,,,,,E,E,,,,,E,,,M,,,,,,M,,,,,,,,,,,,,,,,,,,,,,,,,,,,,,,,,,,,
FINCH,24-MAR-24 00.00.00,,,,,,,M,,,,,,,,E,E,,,,,E,,,M,,,,,,M,,,,,,,,,,,,,,,,,,,,,,,,,,,,,,,,,,,,
FINCH,25-MAR-24 00.00.00,,,,,,,M,,,,,,,,E,E,,,,,E,,,M,,,,,,M,,,,,,,,,,,,,,,,,,,,,,,,,,,,,,,,,,,,
FINCH,26-MAR-24 00.00.00,,,,,,,M,,,,,,,,E,E,,,,,E,,,M,,,,,,M,,,,,,,,,,,,,,,,,,,,,,,,,,,,,,,,,,,,
FINCH,27-MAR-24 00.00.00,,,,,,,M,,,,,,,,E,E,,,,,E,,,M,,,,,,M,,,,,,,,,,,,,,,,,,,,,,,,,,,,,,,,,,,,
FINCH,28-MAR-24 00.00.00,,,,,,,M,,,,,,,,E,E,,,,,E,,M,M,,,,,,M,,,,,,,,,,,,,,,,,,,,,,,,,,,,,,,,,,,,
FINCH,29-MAR-24 00.00.00,,,,,,,M,,,,,,,,E,E,,,,,E,,M,M,,,,,,M,,,,,,,,,,,,,,,,,,,,,,,,,,,,,,,,,,,,
FINCH,30-MAR-24 00.00.00,,,,,,,M,,,,,,,,E,E,,,,,E,,M,M,,,,,,M,,,,,,,,,,,,,,,,,,,,,,,,,,,,,,,,,,,,
FINCH,31-MAR-24 00.00.00,,,,,,,M,,,,,,,,E,E,,,,,E,,M,M,,,,,,M,,,,,,,,,,,,,,,,,,,,,,,,,,,,,,,,,,,,
FINCH,01-APR-24 00.00.00,,,,,,,M,,,,,,,,E,E,,,,,E,,,M,,,,,,M,,,,,,,,,,,,,,,,,,,,,,,,,,,,,,,,,,,,
FINCH,02-APR-24 00.00.00,,,,,,,M,,,,,,,,E,E,,,,,E,,,M,,,,,,M,,,,,,,,,,,,,,,,,,,,,,,,,,,,,,,,,,,,
FINCH,03-APR-24 00.00.00,,,,,,,M,,,,,,,,E,E,,,,,E,,,M,,,,,,M,,,,,,,,,,,,,,,,,,,,,,,,,,,,,,,,,,,,
FINCH,04-APR-24 00.00.00,,,,,,,M,,,,,,,,E,E,,,,,E,,M,M,,,,,,M,,,,,,,,,,,,,,,,,,,,,,,,,,,,,,,,,,,,
FINCH,05-APR-24 00.00.00,,,,,,,M,,,,,,,,E,E,,,,,E,,,M,,,,,,M,,,,,,,,,,,,,,,,,,,,,,,,,,,,,,,,,,,,
FINCH,06-APR-24 00.00.00,,,,,,,M,,,,,,,,E,E,,,,,E,,,M,,,,,,M,,,,,,,,,,,,,,,,,,,,,,,,,,,,,,,,,,,,
FINCH,07-APR-24 00.00.00,,,,,,,M,,,,,,,,E,E,,,,,E,,,M,,,,,,M,,,,,,,,,,,,,,,,,,,,,,,,,,,,,,,,,,,,
FINCH,08-APR-24 00.00.00,,,,,,,M,,,,,,,,E,E,,,,,E,,,M,,,,,,M,,,,,,,,,,,,,,,,,,,,,,,,,,,,,,,,,,,,
FINCH,09-APR-24 00.00.00,,,,,,,M,,,,,,,,E,E,,,,,E,,,M,,,,,,M,,,,,,,,,,,,,,,,,,,,,,,,,,,,,,,,,,,,
FINCH,10-APR-24 00.00.00,,,,,,,M,,,,,,,,E,E,,,,,E,,,M,,,,,,M,,,,,,,,,,,,,,,,,,,,,,,,,,,,,,,,,,,,
FINCH,11-APR-24 00.00.00,,,,,,,M,,,,,,,,E,E,,,,,E,,,M,,,,,,M,,,,,,,,,,,,,,,,,,,,,,,,,,,,,,,,,,,,
FINCH,12-APR-24 00.00.00,,,,,,,M,,,,,,,,E,E,,,,,E,,,M,,,,,,M,,,,,,,,,,,,,,,,,,,,,,,,,,,,,,,,,,,,
FINCH,13-APR-24 00.00.00,,,,,,,M,,,,,,,,E,E,,,,,E,,,M,,,,,,M,,,,,,,,,,,,,,,,,,,,,,,,,,,,,,,,,,,,
FINCH,14-APR-24 00.00.00,,,,,,,M,,,,,,,,E,E,,,,,E,,,M,,,,,,M,,,,,,,,,,,,,,,,,,,,,,,,,,,,,,,,,,,,
FINCH,15-APR-24 00.00.00,,,,,,,M,,,,,,,,E,E,,,,,E,,,M,,,,,,M,,,,,,,,,,,,,,,,,,,,,,,,,,,,,,,,,,,,
FINCH,16-APR-24 00.00.00,,,,,,,M,,,,,,,,E,E,,,,,E,,,M,,,,,,M,,,,,,,,,,,,,,,,,,,,,,,,,,,,,,,,,,,,
FINCH,17-APR-24 00.00.00,,,,,,,M,,,,,,,,E,E,,,,,E,,,M,,,,,,M,,,,,,,,,,,,,,,,,,,,,,,,,,,,,,,,,,,,
FINCH,18-APR-24 00.00.00,,,,,,,M,,,,,,,,E,E,,,,,E,,,M,,,,,,M,,,,,,,,,,,,,,,,,,,,,,,,,,,,,,,,,,,,
FINCH,19-APR-24 00.00.00,,,,,,,M,,,,,,,,E,E,,,,,E,,,M,,,,,,M,,,,,,,,,,,,,,,,,,,,,,,,,,,,,,,,,,,,
FINCH,20-APR-24 00.00.00,,,,,,,M,,,,,,,,E,E,,,,,E,,,M,,,,,,M,,,,,,,,,,,,,,,,,,,,,,,,,,,,,,,,,,,,
FINCH,21-APR-24 00.00.00,,,,,,,M,,,,,,,,E,E,,,,,E,,,M,,,,,,M,,,,,,,,,,,,,,,,,,,,,,,,,,,,,,,,,,,,
FINCH,22-APR-24 00.00.00,,,,,,,M,,,,,,,,E,E,,,,,E,,,M,,,,,,M,,,,,,,,,,,,,,,,,,,,,,,,,,,,,,,,,,,,
FINCH,23-APR-24 00.00.00,,,,,,,M,,,,,,,,E,E,,,,,E,,,M,,,,,,M,,,,,,,,,,,,,,,,,,,,,,,,,,,,,,,,,,,,
FINCH,24-APR-24 00.00.00,,,,,,,M,,,,,,,,E,E,,,,,E,,,M,,,,,,M,,,,,,,,,,,,,,,,,,,,,,,,,,,,,,,,,,,,
FINCH,25-APR-24 00.00.00,,,,,,,M,,,,,,,,E,E,,,,,E,,,M,,,,,,M,,,,,,,,,,,,,,,,,,,,,,,,,,,,,,,,,,,,
FINCH,26-APR-24 00.00.00,,,,,,,M,,,,,,,,E,E,,,,,E,,,M,,,,,,M,,,,,,,,,,,,,,,,,,,,,,,,,,,,,,,,,,,,
FINCH,27-APR-24 00.00.00,,,,,,,M,,,,,,,,E,E,,,,,E,,,M,,,,,,M,,,,,,,,,,,,,,,,,,,,,,,,,,,,,,,,,,,,
FINCH,28-APR-24 00.00.00,,,,,,,M,,,,,,,,E,E,,,,,E,,,M,,,,,,M,,,,,,,,,,,,,,,,,,,,,,,,,,,,,,,,,,,,
FINCH,29-APR-24 00.00.00,,,,,,,M,,,,,,,,E,E,,,,,E,,,M,,,,,,M,,,,,,,,,,,,,,,,,,,,,,,,,,,,,,,,,,,,
FINCH,30-APR-24 00.00.00,,,,,,,M,,,,,,,,E,E,,,,,E,,,M,,,,,,M,,,,,,,,,,,,,,,,,,,,,,,,,,,,,,,,,,,,
FINCH,01-MAY-24 00.00.00,,,,,,,M,,,,,,,,E,E,,,,,E,,,M,,,,,,M,,,,,,,,,,,,,,,,,,,,,,,,,,,,,,,,,,,,
FINCH,02-MAY-24 00.00.00,,,,,,,M,,,,,,,,E,E,,,,,E,,,M,,,,,,M,,,,,,,,,,,,,,,,,,,,,,,,,,,,,,,,,,,,
FINCH,03-MAY-24 00.00.00,,,,,,,M,,,,,,,,E,E,,,,,E,,,M,,,,,,M,,,,,,,,,,,,,,,,,,,,,,,,,,,,,,,,,,,,
FINCH,04-MAY-24 00.00.00,,,,,,,M,,,,,,,,E,E,,,,,E,,,M,,,,,,M,,,,,,,,,,,,,,,,,,,,,,,,,,,,,,,,,,,,
FINCH,05-MAY-24 00.00.00,,,,,,,M,,,,,,,,E,E,,,,,E,,,M,,,,,,M,,,,,,,,,,,,,,,,,,,,,,,,,,,,,,,,,,,,
FINCH,06-MAY-24 00.00.00,,,,,,,M,,,,,,,,E,E,,,,,E,,,M,,,,,,M,,,,,,,,,,,,,,,,,,,,,,,,,,,,,,,,,,,,
FINCH,07-MAY-24 00.00.00,,,,,,,M,,,,,,,,E,E,,,,,E,,,M,,,,,,M,,,,,,,,,,,,,,,,,,,,,,,,,,,,,,,,,,,,
FINCH,08-MAY-24 00.00.00,,,,,,,M,,,,,,,,E,E,,,,,E,,,M,,,,,,M,,,,,,,,,,,,,,,,,,,,,,,,,,,,,,,,,,,,
FINCH,09-MAY-24 00.00.00,,,,,,,M,,,,,,,,E,E,,,,,E,,,M,,,,,,M,,,,,,,,,,,,,,,,,,,,,,,,,,,,,,,,,,,,
FINCH,10-MAY-24 00.00.00,,,,,,,M,,,,,,,,E,E,,,,,E,,,M,,,,,,M,,,,,,,,,,,,,,,,,,,,,,,,,,,,,,,,,,,,
FINCH,11-MAY-24 00.00.00,,,,,,,M,,,,,,,,E,E,,,,,E,,,M,,,,,,M,,,,,,,,,,,,,,,,,,,,,,,,,,,,,,,,,,,,
FINCH,12-MAY-24 00.00.00,,,,,,,M,,,,,,,,E,E,,,,,E,,,M,,,,,,M,,,,,,,,,,,,,,,,,,,,,,,,,,,,,,,,,,,,
FINCH,13-MAY-24 00.00.00,,,,,,,M,,,,,,,,E,E,,,,,E,,,M,,,,,,M,,,,,,,,,,,,,,,,,,,,,,,,,,,,,,,,,,,,
FINCH,14-MAY-24 00.00.00,,,,,,,M,,,,,,,,E,E,,,,,E,,,M,,,,,,M,,,,,,,,,,,,,,,,,,,,,,,,,,,,,,,,,,,,
FINCH,15-MAY-24 00.00.00,,,,,,,M,,,,,,,,E,E,,,,,E,,,M,,,,,,M,,,,,,,,,,,,,,,,,,,,,,,,,,,,,,,,,,,,
FINCH,16-MAY-24 00.00.00,,,,,,,M,,,,,,,,E,E,,,,,E,,,M,,,,,,M,,,,,,,,,,,,,,,,,,,,,,,,,,,,,,,,,,,,
FINCH,17-MAY-24 00.00.00,,,,,,,M,,,,,,,,E,E,,,,,E,,,M,,,,,,M,,,,,,,,,,,,,,,,,,,,,,,,,,,,,,,,,,,,
FINCH,18-MAY-24 00.00.00,,,,,,,M,,,,,,,,E,E,,,,,E,,,M,,,,,,M,,,,,,,,,,,,,,,,,,,,,,,,,,,,,,,,,,,,
FINCH,19-MAY-24 00.00.00,,,,,,,M,,,,,,,,E,E,,,,,E,,,M,,,,,,M,,,,,,,,,,,,,,,,,,,,,,,,,,,,,,,,,,,,
FINCH,20-MAY-24 00.00.00,,,,,,,M,,,,,,,,E,E,,,,,E,,,M,,,,,,M,,,,,,,,,,,,,,,,,,,,,,,,,,,,,,,,,,,,
FINCH,21-MAY-24 00.00.00,,,,,,,M,,,,,,,,E,E,,,,,E,,,M,,,,,,M,,,,,,,,,,,,,,,,,,,,,,,,,,,,,,,,,,,,
FINCH,22-MAY-24 00.00.00,,,,,,,M,,,,,,,,E,E,,,,,E,,,M,,,,,,M,,,,,,,,,,,,,,,,,,,,,,,,,,,,,,,,,,,,
FINCH,23-MAY-24 00.00.00,,,,,,,M,,,,,,,,E,E,,,,,E,,,M,,,,,,M,,,,,,,,,,,,,,,,,,,,,,,,,,,,,,,,,,,,
FINCH,24-MAY-24 00.00.00,,,,,,,M,,,,,,,,E,E,,,,,E,,,M,,,,,,M,,,,,,,,,,,,,,,,,,,,,,,,,,,,,,,,,,,,
FINCH,25-MAY-24 00.00.00,,,,,,,M,,,,,,,,E,E,,,,,E,,,M,,,,,,M,,,,,,,,,,,,,,,,,,,,,,,,,,,,,,,,,,,,
FINCH,26-MAY-24 00.00.00,,,,,,,M,,,,,,,,E,E,,,,,E,,,M,,,,,,M,,,,,,,,,,,,,,,,,,,,,,,,,,,,,,,,,,,,
FINCH,27-MAY-24 00.00.00,,,,,,,M,,,,,,,,E,E,,,,,E,,,M,,,,,,M,,,,,,,,,,,,,,,,,,,,,,,,,,,,,,,,,,,,
FINCH,28-MAY-24 00.00.00,,,,,,,M,,,,,,,,E,E,,,,,E,,,M,,,,,,M,,,,,,,,,,,,,,,,,,,,,,,,,,,,,,,,,,,,
FINCH,29-MAY-24 00.00.00,,,,,,,M,,,,,,,,E,E,,,,,E,,,M,,,,,,M,,,,,,,,,,,,,,,,,,,,,,,,,,,,,,,,,,,,
FINCH,30-MAY-24 00.00.00,,,,,,,M,,,,,,,,E,E,,,,,E,,,M,,,,,,M,,,,,,,,,,,,,,,,,,,,,,,,,,,,,,,,,,,,
FINCH,31-MAY-24 00.00.00,,,,,,,M,,,,,,,,E,E,,,,,E,,,M,,,,,,M,,,,,,,,,,,,,,,,,,,,,,,,,,,,,,,,,,,,
FINCH,01-JUN-24 00.00.00,,,,,,,M,,,,,,,,E,E,,,,,E,,,M,,,,,,M,,,,,,,,,,,,,,,,,,,,,,,,,,,,,,,,,,,,
FINCH,02-JUN-24 00.00.00,,,,,,,M,,,,,,,,E,E,,,,,E,,,M,,,,,,M,,,,,,,,,,,,,,,,,,,,,,,,,,,,,,,,,,,,
FINCH,03-JUN-24 00.00.00,,,,,,,M,,,,,,,,E,E,,,,,E,,,M,,,,,,M,,,,,,,,,,,,,,,,,,,,,,,,,,,,,,,,,,,,
FINCH,04-JUN-24 00.00.00,,,,,,,M,,,,,,,,E,E,,,,,E,,,M,,,,,,M,,,,,,,,,,,,,,,,,,,,,,,,,,,,,,,,,,,,
FINCH,05-JUN-24 00.00.00,,,,,,,M,,,,,,,,E,E,,,,,E,,,M,,,,,,M,,,,,,,,,,,,,,,,,,,,,,,,,,,,,,,,,,,,
FINCH,06-JUN-24 00.00.00,,,,,,,M,,,,,,,,E,E,,,,,E,,,M,,,,,,M,,,,,,,,,,,,,,,,,,,,,,,,,,,,,,,,,,,,
FINCH,07-JUN-24 00.00.00,,,,,,,M,,,,,,,,E,E,,,,,E,,,M,,,,,,M,,,,,,,,,,,,,,,,,,,,,,,,,,,,,,,,,,,,
FINCH,08-JUN-24 00.00.00,,,,,,,M,,,,,,,,E,E,,,,,E,,,M,,,,,,M,,,,,,,,,,,,,,,,,,,,,,,,,,,,,,,,,,,,
FINCH,09-JUN-24 00.00.00,,,,,,,M,,,,,,,,E,E,,,,,E,,,M,,,,,,M,,,,,,,,,,,,,,,,,,,,,,,,,,,,,,,,,,,,
FINCH,10-JUN-24 00.00.00,,,,,,,M,,,,,,,,E,E,,,,,E,,,M,,,,,,M,,,,,,,,,,,,,,,,,,,,,,,,,,,,,,,,,,,,
FINCH,11-JUN-24 00.00.00,,,,,,,M,,,,,,,,E,E,,,,,E,,,M,,,,,,M,,,,,,,,,,,,,,,,,,,,,,,,,,,,,,,,,,,,
FINCH,12-JUN-24 00.00.00,,,,,,,M,,,,,,,,E,E,,,,,E,,,M,,,,,,M,,,,,,,,,,,,,,,,,,,,,,,,,,,,,,,,,,,,
FINCH,13-JUN-24 00.00.00,,,,,,,M,,,,,,,,E,E,,,,,E,,,M,,,,,,M,,,,,,,,,,,,,,,,,,,,,,,,,,,,,,,,,,,,
FINCH,14-JUN-24 00.00.00,,,,,,,M,,,,,,,,E,E,,,,,E,,,M,,,,,,M,,,,,,,,,,,,,,,,,,,,,,,,,,,,,,,,,,,,
FINCH,15-JUN-24 00.00.00,,,,,,,M,,,,,,,,E,E,,,,,E,,,M,,,,,,M,,,,,,,,,,,,,,,,,,,,,,,,,,,,,,,,,,,,
FINCH,16-JUN-24 00.00.00,,,,,,,M,,,,,,,,E,E,,,,,E,,,M,,,,,,M,,,,,,,,,,,,,,,,,,,,,,,,,,,,,,,,,,,,
FINCH,17-JUN-24 00.00.00,,,,,,,M,,,,,,,,E,E,,,,,E,,,M,,,,,,M,,,,,,,,,,,,,,,,,,,,,,,,,,,,,,,,,,,,
FINCH,18-JUN-24 00.00.00,,,,,,,M,,,,,,,,E,E,,,,,E,,,M,,,,,,M,,,,,,,,,,,,,,,,,,,,,,,,,,,,,,,,,,,,
FINCH,19-JUN-24 00.00.00,,,,,,,M,,,,,,,,E,E,,,,,E,,,M,,,,,,M,,,,,,,,,,,,,,,,,,,,,,,,,,,,,,,,,,,,
FINCH,20-JUN-24 00.00.00,,,,,,,M,,,,,,,,E,E,,,,,E,,,M,,,,,,M,,,,,,,,,,,,,,,,,,,,,,,,,,,,,,,,,,,,
FINCH,21-JUN-24 00.00.00,,,,,,,M,,,,,,,,E,E,,,,,E,,,M,,,,,,M,,,,,,,,,,,,,,,,,,,,,,,,,,,,,,,,,,,,
FINCH,22-JUN-24 00.00.00,,,,,,,M,,,,,,,,E,E,,,,,E,,,M,,,,,,M,,,,,,,,,,,,,,,,,,,,,,,,,,,,,,,,,,,,
FINCH,23-JUN-24 00.00.00,,,,,,,M,,,,,,,,E,E,,,,,E,,,M,,,,,,M,,,,,,,,,,,,,,,,,,,,,,,,,,,,,,,,,,,,
FINCH,24-JUN-24 00.00.00,,,,,,,M,,,,,,,,E,E,,,,,E,,,M,,,,,,M,,,,,,,,,,,,,,,,,,,,,,,,,,,,,,,,,,,,
FINCH,25-JUN-24 00.00.00,,,,,,,M,,,,,,,,E,E,,,,,E,,,M,,,,,,M,,,,,,,,,,,,,,,,,,,,,,,,,,,,,,,,,,,,
FINCH,26-JUN-24 00.00.00,,,,,,,M,,,,,,,,E,E,,,,,E,,,M,,,,,,M,,,,,,,,,,,,,,,,,,,,,,,,,,,,,,,,,,,,
FINCH,27-JUN-24 00.00.00,,,,,,,M,,,,,,,,E,E,,,,,E,,,M,,,,,,M,,,,,,,,,,,,,,,,,,,,,,,,,,,,,,,,,,,,
FINCH,28-JUN-24 00.00.00,,,,,,,M,,,,,,,,E,E,,,,,E,,,M,,,,,,M,,,,,,,,,,,,,,,,,,,,,,,,,,,,,,,,,,,,
FINCH,29-JUN-24 00.00.00,,,,,,,M,,,,,,,,E,E,,,,,E,,,M,,,,,,M,,,,,,,,,,,,,,,,,,,,,,,,,,,,,,,,,,,,
FINCH,30-JUN-24 00.00.00,,,,,,,M,,,,,,,,E,E,,,,,E,,,M,,,,,,M,,,,,,,,,,,,,,,,,,,,,,,,,,,,,,,,,,,,
LIZRD,02-JAN-24 00.00.00,,,,,,,M,,,,,,,,E,E,,,,,E,,M,M,,,,,,M,,,,,,,,,,,,,,,M,M,M,M,M,M,M,M,,,M,M,M,M,M,M,M,M,,,,
LIZRD,03-JAN-24 00.00.00,,,,,,,M,,,,,,,,E,E,,,,,E,,M,M,,,,,,M,,,,,,,,,,,,,,,M,M,M,M,M,M,M,M,,,M,M,M,M,M,M,M,M,,,,
LIZRD,04-JAN-24 00.00.00,,,,,,,M,,,,,,,,E,E,,,,,E,,M,M,,,,,,M,,,,,,,,,,,,,,,M,M,M,M,M,M,M,M,,,M,M,M,M,M,M,M,M,,,,
LIZRD,05-JAN-24 00.00.00,,,,,,,M,,,,,,,,E,E,,,,,E,,M,M,,,,,,M,,,,,,,,,,,,,,,M,M,M,M,M,M,M,M,,,M,M,M,M,M,M,M,M,,,,
LIZRD,06-JAN-24 00.00.00,,,,,,,M,,,,,,,,E,E,,,,,E,,M,M,,,,,,M,,,,,,,,,,,,,,,M,M,M,M,M,M,M,M,,,M,M,M,M,M,M,M,M,,,,
LIZRD,07-JAN-24 00.00.00,,,,,,,M,,,,,,,,E,E,,,,,E,,M,M,,,,,,M,,,,,,,,,,,,,,,M,M,M,M,M,M,M,M,,,M,M,M,M,M,M,M,M,,,,
LIZRD,08-JAN-24 00.00.00,,,,,,,M,,,,,,,,E,E,,,,,E,,M,M,,,,,,M,,,,,,,,,,,,,,,M,M,M,M,M,M,M,M,,,M,M,M,M,M,M,M,M,,,,
LIZRD,09-JAN-24 00.00.00,,,,,,,M,,,,,,,,E,E,,,,,E,,M,M,,,,,,M,,,,,,,,,,,,,,,M,M,M,M,M,M,M,M,,,M,M,M,M,M,M,M,M,,,,
LIZRD,10-JAN-24 00.00.00,,,,,,,M,,,,,,,,E,E,,,,,E,,M,M,,,,,,M,,,,,,,,,,,,,,,M,M,M,M,M,M,M,M,,,M,M,M,M,M,M,M,M,,,,
LIZRD,11-JAN-24 00.00.00,,,,,,,M,,,,,,,,E,E,,,,,E,,M,M,,,,,,M,,,,,,,,,,,,,,,M,M,M,M,M,M,M,M,,,M,M,M,M,M,M,M,M,,,,
LIZRD,12-JAN-24 00.00.00,,,,,,,M,,,,,,,,E,E,,,,,E,,M,M,,,,,,M,,,,,,,,,,,,,,,M,M,M,M,M,M,M,M,,,M,M,M,M,M,M,M,M,,,,
LIZRD,13-JAN-24 00.00.00,,,,,,,M,,,,,,,,E,E,,,,,E,,M,M,,,,,,M,,,,,,,,,,,,,,,M,M,M,M,M,M,M,M,,,M,M,M,M,M,M,M,M,,,,
LIZRD,14-JAN-24 00.00.00,,,,,,,M,,,,,,,,E,E,,,,,E,,M,M,,,,,,M,,,,,,,,,,,,,,,M,M,M,M,M,M,M,M,,,M,M,M,M,M,M,M,M,,,,
LIZRD,15-JAN-24 00.00.00,,,,,,,M,,,,,,,,E,E,,,,,E,,M,M,,,,,,M,,,,,,,,,,,,,,,M,M,M,M,M,M,M,M,,,M,M,M,M,M,M,M,M,,,,
LIZRD,16-JAN-24 00.00.00,,,,,,,M,,,,,,,,E,E,,,,,E,,M,M,,,,,,M,,,,,,,,,,,,,,,M,M,M,M,M,M,M,M,,,M,M,M,M,M,M,M,M,,,,
LIZRD,17-JAN-24 00.00.00,,,,,,,M,,,,,,,,E,E,,,,,E,,M,M,,,,,,M,,,,,,,,,,,,,,,M,M,M,M,M,M,M,M,,,M,M,M,M,M,M,M,M,,,,
LIZRD,18-JAN-24 00.00.00,,,,,,,M,,,,,,,,E,E,,,,,E,,M,M,,,,,,M,,,,,,,,,,,,,,,M,M,M,M,M,M,M,M,,,M,M,M,M,M,M,M,M,,,,
LIZRD,19-JAN-24 00.00.00,,,,,,,M,,,,,,,,E,E,,,,,E,,M,M,,,,,,M,,,,,,,,,,,,,,,M,M,M,M,M,M,M,M,,,M,M,M,M,M,M,M,M,,,,
LIZRD,20-JAN-24 00.00.00,,,,,,,M,,,,,,,,E,E,,,,,E,,M,M,,,,,,M,,,,,,,,,,,,,,,M,M,M,M,M,M,M,M,,,M,M,M,M,M,M,M,M,,,,
LIZRD,21-JAN-24 00.00.00,,,,,,,M,,,,,,,,E,E,,,,,E,,M,M,,,,,,M,,,,,,,,,,,,,,,M,M,M,M,M,M,M,M,,,M,M,M,M,M,M,M,M,,,,
LIZRD,22-JAN-24 00.00.00,,,,,,,M,,,,,,,,E,E,,,,,E,,M,M,,,,,,M,,,,,,,,,,,,,,,M,M,M,M,M,M,M,M,,,M,M,M,M,M,M,M,M,,,,
LIZRD,23-JAN-24 00.00.00,,,,,,,M,,,,,,,,E,E,,,,,E,,M,M,,,,,,M,,,,,,,,,,,,,,,M,M,M,M,M,M,M,M,,,M,M,M,M,M,M,M,M,,,,
LIZRD,24-JAN-24 00.00.00,,,,,,,M,,,,,,,,E,E,,,,,E,,M,M,,,,,,M,,,,,,,,,,,,,,,M,M,M,M,M,M,M,M,,,M,M,M,M,M,M,M,M,,,,
LIZRD,25-JAN-24 00.00.00,,,,,,,M,,,,,,,,E,E,,,,,E,,M,M,,,,,,M,,,,,,,,,,,,,,,M,M,M,M,M,M,M,M,,,M,M,M,M,M,M,M,M,,,,
LIZRD,26-JAN-24 00.00.00,,,,,,,M,,,,,,,,E,E,,,,,E,,M,M,,,,,,M,,,,,,,,,,,,,,,M,M,M,M,M,M,M,M,,,M,M,M,M,M,M,M,M,,,,
LIZRD,27-JAN-24 00.00.00,,,,,,,M,,,,,,,,E,E,,,,,E,,M,M,,,,,,M,,,,,,,,,,,,,,,M,M,M,M,M,M,M,M,,,M,M,M,M,M,M,M,M,,,,
LIZRD,28-JAN-24 00.00.00,,,,,,,M,,,,,,,,E,E,,,,,E,,M,M,,,,,,M,,,,,,,,,,,,,,,M,M,M,M,M,M,M,M,,,M,M,M,M,M,M,M,M,,,,
LIZRD,29-JAN-24 00.00.00,,,,,,,M,,,,,,,,E,E,,,,,E,,M,M,,,,,,M,,,,,,,,,,,,,,,M,M,M,M,M,M,M,M,,,M,M,M,M,M,M,M,M,,,,
LIZRD,30-JAN-24 00.00.00,,,,,,,M,,,,,,,,E,E,,,,,E,,M,M,,,,,,M,,,,,,,,,,,,,,,M,M,M,M,M,M,M,M,,,M,M,M,M,M,M,M,M,,,,
LIZRD,31-JAN-24 00.00.00,,,,,,,M,,,,,,,,E,E,,,,,E,,M,M,,,,,,M,,,,,,,,,,,,,,,M,M,M,M,M,M,M,M,,,M,M,M,M,M,M,M,M,,,,
LIZRD,01-FEB-24 00.00.00,,,,,,,M,,,,,,,,E,E,,,,,E,,M,M,,,,,,M,,,,,,,,,,,,,,,M,M,M,M,M,M,M,M,,,M,M,M,M,M,M,M,M,,,,
LIZRD,02-FEB-24 00.00.00,,,,,,,M,,,,,,,,E,E,,,,,E,,M,M,,,,,,M,,,,,,,,,,,,,,,M,M,M,M,M,M,M,M,,,M,M,M,M,M,M,M,M,,,,
LIZRD,03-FEB-24 00.00.00,,,,,,,M,,,,,,,,E,E,,,,,E,,M,M,,,,,,M,,,,,,,,,,,,,,,M,M,M,M,M,M,M,M,,,M,M,M,M,M,M,M,M,,,,
LIZRD,04-FEB-24 00.00.00,,,,,,,M,,,,,,,,E,E,,,,,E,,M,M,,,,,,M,,,,,,,,,,,,,,,M,M,M,M,M,M,M,M,,,M,M,M,M,M,M,M,M,,,,
LIZRD,05-FEB-24 00.00.00,,,,,,,M,,,,,,,,E,E,,,,,E,,M,M,,,,,,M,,,,,,,,,,,,,,,M,M,M,M,M,M,M,M,,,M,M,M,M,M,M,M,M,,,,
LIZRD,06-FEB-24 00.00.00,,,,,,,M,,,,,,,,E,E,,,,,E,,M,M,,,,,,M,,,,,,,,,,,,,,,M,M,M,M,M,M,M,M,,,M,M,M,M,M,M,M,M,,,,
LIZRD,07-FEB-24 00.00.00,,,,,,,M,,,,,,,,E,E,,,,,E,,M,M,,,,,,M,,,,,,,,,,,,,,,M,M,M,M,M,M,M,M,,,M,M,M,M,M,M,M,M,,,,
LIZRD,08-FEB-24 00.00.00,,,,,,,M,,,,,,,,E,E,,,,,E,,M,M,,,,,,M,,,,,,,,,,,,,,,M,M,M,M,M,M,M,M,,,M,M,M,M,M,M,M,M,,,,
LIZRD,09-FEB-24 00.00.00,,,,,,,M,,,,,,,,E,E,,,,,E,,M,M,,,,,,M,,,,,,,,,,,,,,,M,M,M,M,M,M,M,M,,,M,M,M,M,M,M,M,M,,,,
LIZRD,10-FEB-24 00.00.00,,,,,,,M,,,,,,,,E,E,,,,,E,,M,M,,,,,,M,,,,,,,,,,,,,,,M,M,M,M,M,M,M,M,,,M,M,M,M,M,M,M,M,,,,
LIZRD,11-FEB-24 00.00.00,,,,,,,M,,,,,,,,E,E,,,,,E,,M,M,,,,,,M,,,,,,,,,,,,,,,M,M,M,M,M,M,M,M,,,M,M,M,M,M,M,M,M,,,,
LIZRD,12-FEB-24 00.00.00,,,,,,,M,,,,,,,,E,E,,,,,E,,M,M,,,,,,M,,,,,,,,,,,,,,,M,M,M,M,M,M,M,M,,,M,M,M,M,M,M,M,M,,,,
LIZRD,13-FEB-24 00.00.00,,,,,,,M,,,,,,,,E,E,,,,,E,,M,M,,,,,,M,,,,,,,,,,,,,,,M,M,M,M,M,M,M,M,,,M,M,M,M,M,M,M,M,,,,
LIZRD,14-FEB-24 00.00.00,,,,,,,M,,,,,,,,E,E,,,,,E,,M,M,,,,,,M,,,,,,,,,,,,,,,M,M,M,M,M,M,M,M,,,M,M,M,M,M,M,M,M,,,,
LIZRD,15-FEB-24 00.00.00,,,,,,,M,,,,,,,,E,E,,,,,E,,M,M,,,,,,M,,,,,,,,,,,,,,,M,M,M,M,M,M,M,M,,,M,M,M,M,M,M,M,M,,,,
LIZRD,16-FEB-24 00.00.00,,,,,,,M,,,,,,,,E,E,,,,,E,,M,M,,,,,,M,,,,,,,,,,,,,,,M,M,M,M,M,M,M,M,,,M,M,M,M,M,M,M,M,,,,
LIZRD,17-FEB-24 00.00.00,,,,,,,M,,,,,,,,E,E,,,,,E,,M,M,,,E,,,M,,,,,,,,,E,,,,,,M,M,M,M,M,M,M,M,,,M,M,M,M,M,M,M,M,,,,
LIZRD,18-FEB-24 00.00.00,,,,,,,M,,,,,,,,E,E,,,,,E,,M,M,,,,,,M,,,,,,,,,,,,,,,M,M,M,M,M,M,M,M,,,M,M,M,M,M,M,M,M,,,,
LIZRD,19-FEB-24 00.00.00,,,,,,,M,,,,,,,,E,E,,,,,E,,M,M,,,E,,,M,,,,,,,,,E,,,,,,M,M,M,M,M,M,M,M,,,M,M,M,M,M,M,M,M,,,,
LIZRD,20-FEB-24 00.00.00,,,,,,,M,,,,,,,,E,E,,,,,E,,M,M,,,,,,M,,,,,,,,,,,,,,,M,M,M,M,M,M,M,M,,,M,M,M,M,M,M,M,M,,,,
LIZRD,21-FEB-24 00.00.00,,,,,,,M,,,,,,,,E,E,,,,,E,,M,M,,,,,,M,,,,,,,,,,,,,,,M,M,M,M,M,M,M,M,,,M,M,M,M,M,M,M,M,,,,
LIZRD,22-FEB-24 00.00.00,,,,,,,M,,,,,,,,E,E,,,,,E,,M,M,,,,,,M,,,,,,,,,,,,,,,M,M,M,M,M,M,M,M,,,M,M,M,M,M,M,M,M,,,,
LIZRD,23-FEB-24 00.00.00,,,,,,,M,,,,,,,,E,E,,,,,E,,M,M,,,,,,M,,,,,,,,,,,,,,,M,M,M,M,M,M,M,M,,,M,M,M,M,M,M,M,M,,,,
LIZRD,24-FEB-24 00.00.00,,,,,,,M,,,,,,,,E,E,,,,,E,,M,M,,,,,,M,,,,,,,,,,,,,,,M,M,M,M,M,M,M,M,,,M,M,M,M,M,M,M,M,,,,
LIZRD,25-FEB-24 00.00.00,,,,,,,M,,,,,,,,E,E,,,,,E,,M,M,,,,,,M,,,,,,,,,,,,,,,M,M,M,M,M,M,M,M,,,M,M,M,M,M,M,M,M,,,,
LIZRD,26-FEB-24 00.00.00,,,,,,,M,,,,,,,,E,E,,,,,E,,M,M,,,,,,M,,,,,,,,,,,,,,,M,M,M,M,M,M,M,M,,,M,M,M,M,M,M,M,M,,,,
LIZRD,27-FEB-24 00.00.00,,,,,,,M,,,,,,,,E,E,,,,,E,,M,M,,,,,,M,,,,,,,,,,,,,,,M,M,M,M,M,M,M,M,,,M,M,M,M,M,M,M,M,,,,
LIZRD,28-FEB-24 00.00.00,,,,,,,M,,,,,,,,E,E,,,,,E,,M,M,,,,,,M,,,,,,,,,,,,,,,M,M,M,M,M,M,M,M,,,M,M,M,M,M,M,M,M,,,,
LIZRD,29-FEB-24 00.00.00,,,,,,,M,,,,,,,,E,E,,,,,E,,M,M,,,,,,M,,,,,,,,,,,,,,,M,M,M,M,M,M,M,M,,,M,M,M,M,M,M,M,M,,,,
LIZRD,01-MAR-24 00.00.00,,,,,,,M,,,,,,,,E,E,,,,,E,,M,M,,,,,,M,,,,,,,,,,,,,,,M,M,M,M,M,M,M,M,,,M,M,M,M,M,M,M,M,,,,
LIZRD,02-MAR-24 00.00.00,,,,,,,M,,,,,,,,E,E,,,,,E,,M,M,,,,,,M,,,,,,,,,,,,,,,M,M,M,M,M,M,M,M,,,M,M,M,M,M,M,M,M,,,,
LIZRD,03-MAR-24 00.00.00,,,,,,,M,,,,,,,,E,E,,,,,E,,M,M,,,,,,M,,,,,,,,,,,,,,,M,M,M,M,M,M,M,M,,,M,M,M,M,M,M,M,M,,,,
LIZRD,04-MAR-24 00.00.00,,,,,,,M,,,,,,,,E,E,,,,,E,,M,M,,,,,,M,,,,,,,,,,,,,,,M,M,M,M,M,M,M,M,,,M,M,M,M,M,M,M,M,,,,
LIZRD,05-MAR-24 00.00.00,,,,,,,M,,,,,,,,E,E,,,,,E,,M,M,,,,,,M,,,,,,,,,,,,,,,M,M,M,M,M,M,M,M,,,M,M,M,M,M,M,M,M,,,,
LIZRD,06-MAR-24 00.00.00,,,,,,,M,,,,,,,,E,E,,,,,E,,M,M,,,,,,M,,,,,,,,,,,,,,,M,M,M,M,M,M,M,M,,,M,M,M,M,M,M,M,M,,,,
LIZRD,07-MAR-24 00.00.00,,,,,,,M,,,,,,,,E,E,,,,,E,,M,M,,,,,,M,,,,,,,,,,,,,,,M,M,M,M,M,M,M,M,,,M,M,M,M,M,M,M,M,,,,
LIZRD,08-MAR-24 00.00.00,,,,,,,M,,,,,,,,E,E,,,,,E,,M,M,,,,,,M,,,,,,,,,,,,,,,M,M,M,M,M,M,M,M,,,M,M,M,M,M,M,M,M,,,,
LIZRD,09-MAR-24 00.00.00,,,,,,,M,,,,,,,,E,E,,,,,E,,M,M,,,,,,M,,,,,,,,,,,,,,,M,M,M,M,M,M,M,M,,,M,M,M,M,M,M,M,M,,,,
LIZRD,10-MAR-24 00.00.00,,,,,,,M,,,,,,,,E,E,,,,,E,,M,M,,,,,,M,,,,,,,,,,,,,,,M,M,M,M,M,M,M,M,,,M,M,M,M,M,M,M,M,,,,
LIZRD,11-MAR-24 00.00.00,,,,,,,M,,,,,,,,E,E,,,,,E,,M,M,,,,,,M,,,,,,,,,,,,,,,M,M,M,M,M,M,M,M,,,M,M,M,M,M,M,M,M,,,,
LIZRD,12-MAR-24 00.00.00,,,,,,,M,,,,,,,,E,E,,,,,E,,M,M,,,E,,,M,,,,,,,,,E,,,,,,M,M,M,M,M,M,M,M,,,M,M,M,M,M,M,M,M,,,,
LIZRD,13-MAR-24 00.00.00,,,,,,,M,,,,,,,,E,E,,,,,E,,M,M,,,,,,M,,,,,,,,,,,,,,,M,M,M,M,M,M,M,M,,,M,M,M,M,M,M,M,M,,,,
LIZRD,14-MAR-24 00.00.00,,,,,,,M,,,,,,,,E,E,,,,,E,,M,M,,,E,,,M,,,,,,,,,E,,,,,,M,M,M,M,M,M,M,M,,,M,M,M,M,M,M,M,M,,,,
LIZRD,15-MAR-24 00.00.00,,,,,,,M,,,,,,,,E,E,,,,,E,,M,M,,,,,,M,,,,,,,,,,,,,,,M,M,M,M,M,M,M,M,,,M,M,M,M,M,M,M,M,,,,
LIZRD,16-MAR-24 00.00.00,,,,,,,M,,,,,,,,E,E,,,,,E,,M,M,,,,,,M,,,,,,,,,,,,,,,M,M,M,M,M,M,M,M,,,M,M,M,M,M,M,M,M,,,,
LIZRD,17-MAR-24 00.00.00,,,,,,,M,,,,,,,,E,E,,,,,E,,M,M,,,,,,M,,,,,,,,,,,,,,,M,M,M,M,M,M,M,M,,,M,M,M,M,M,M,M,M,,,,
LIZRD,18-MAR-24 00.00.00,,,,,,,M,,,,,,,,E,E,,,,,E,,M,M,,,,,,M,,,,,,,,,,,,,,,M,M,M,M,M,M,M,M,,,M,M,M,M,M,M,M,M,,,,
LIZRD,19-MAR-24 00.00.00,,,,,,,M,,,,,,,,E,E,,,,,E,,M,M,,,,,,M,,,,,,,,,,,,,,,M,M,M,M,M,M,M,M,,,M,M,M,M,M,M,M,M,,,,
LIZRD,20-MAR-24 00.00.00,,,,,,,M,,,,,,,,E,E,,,,,E,,M,M,,,,,,M,,,,,,,,,,,,,,,M,M,M,M,M,M,M,M,,,M,M,M,M,M,M,M,M,,,,
LIZRD,21-MAR-24 00.00.00,,,,,,,M,,,,,,,,E,E,,,,,E,,M,M,,,,,,M,,,,,,,,,,,,,,,M,M,M,M,M,M,M,M,,,M,M,M,M,M,M,M,M,,,,
LIZRD,22-MAR-24 00.00.00,,,,,,,M,,,,,,,,E,E,,,,,E,,M,M,,,,,,M,,,,,,,,,,,,,,,M,M,M,M,M,M,M,M,,,M,M,M,M,M,M,M,M,,,,
LIZRD,23-MAR-24 00.00.00,,,,,,,M,,,,,,,,E,E,,,,,E,,M,M,,,,,,M,,,,,,,,,,,,,,,M,M,M,M,M,M,M,M,,,M,M,M,M,M,M,M,M,,,,
LIZRD,24-MAR-24 00.00.00,,,,,,,M,,,,,,,,E,E,,,,,E,,M,M,,,,,,M,,,,,,,,,,,,,,,M,M,M,M,M,M,M,M,,,M,M,M,M,M,M,M,M,,,,
LIZRD,25-MAR-24 00.00.00,,,,,,,M,,,,,,,,E,E,,,,,E,,M,M,,,,,,M,,,,,,,,,,,,,,,M,M,M,M,M,M,M,M,,,M,M,M,M,M,M,M,M,,,,
LIZRD,26-MAR-24 00.00.00,,,,,,,M,,,,,,,,E,E,,,,,E,,M,M,,,,,,M,,,,,,,,,,,,,,,M,M,M,M,M,M,M,M,,,M,M,M,M,M,M,M,M,,,,
LIZRD,27-MAR-24 00.00.00,,,,,,,M,,,,,,,,E,E,,,,,E,,M,M,,,,,,M,,,,,,,,,,,,,,,M,M,M,M,M,M,M,M,,,M,M,M,M,M,M,M,M,,,,
LIZRD,28-MAR-24 00.00.00,,,,,,,M,,,,,,,,E,E,,,,,E,,M,M,,,,,,M,,,,,,,,,,,,,,,M,M,M,M,M,M,M,M,,,M,M,M,M,M,M,M,M,,,,
LIZRD,29-MAR-24 00.00.00,,,,,,,M,,,,,,,,E,E,,,,,E,,M,M,,,,,,M,,,,,,,,,,,,,,,M,M,M,M,M,M,M,M,,,M,M,M,M,M,M,M,M,,,,
LIZRD,30-MAR-24 00.00.00,,,,,,,M,,,,,,,,E,E,,,,,E,,M,M,,,,,,M,,,,,,,,,,,,,,,M,M,M,M,M,M,M,M,,,M,M,M,M,M,M,M,M,,,,
LIZRD,31-MAR-24 00.00.00,,,,,,,M,,,,,,,,E,E,,,,,E,,M,M,,,,,,M,,,,,,,,,,,,,,,M,M,M,M,M,M,M,M,,,M,M,M,M,M,M,M,M,,,,
LIZRD,01-APR-24 00.00.00,,,,,,,M,,,,,,,,E,E,,,,,E,,M,M,,,,,,M,,,,,,,,,,,,,,,M,M,M,M,M,M,M,M,,,M,M,M,M,M,M,M,M,,,,
LIZRD,02-APR-24 00.00.00,,,,,,,M,,,,,,,,E,E,,,,,E,,M,M,,,,,,M,,,,,,,,,,,,,,,M,M,M,M,M,M,M,M,,,M,M,M,M,M,M,M,M,,,,
LIZRD,03-APR-24 00.00.00,,,,,,,M,,,,,,,,E,E,,,,,E,,M,M,,,,,,M,,,,,,,,,,,,,,,M,M,M,M,M,M,M,M,,,M,M,M,M,M,M,M,M,,,,
LIZRD,04-APR-24 00.00.00,,,,,,,M,,,,,,,,E,E,,,,,E,,M,M,,,,,,M,,,,,,,,,,,,,,,M,M,M,M,M,M,M,M,,,M,M,M,M,M,M,M,M,,,,
LIZRD,05-APR-24 00.00.00,,,,,,,M,,,,,,,,E,E,,,,,E,,M,M,,,,,,M,,,,,,,,,,,,,,,M,M,M,M,M,M,M,M,,,M,M,M,M,M,M,M,M,,,,
LIZRD,06-APR-24 00.00.00,,,,,,,M,,,,,,,,E,E,,,,,E,,M,M,,,,,,M,,,,,,,,,,,,,,,M,M,M,M,M,M,M,M,,,M,M,M,M,M,M,M,M,,,,
LIZRD,07-APR-24 00.00.00,,,,,,,M,,,,,,,,E,E,,,,,E,,M,M,,,,,,M,,,,,,,,,,,,,,,M,M,M,M,M,M,M,M,,,M,M,M,M,M,M,M,M,,,,
LIZRD,08-APR-24 00.00.00,,,,,,,M,,,,,,,,E,E,,,,,E,,M,M,,,,,,M,,,,,,,,,,,,,,,M,M,M,M,M,M,M,M,,,M,M,M,M,M,M,M,M,,,,
LIZRD,09-APR-24 00.00.00,,,,,,,M,,,,,,,,E,E,,,,,E,,M,M,,,,,,M,,,,,,,,,,,,,,,M,M,M,M,M,M,M,M,,,M,M,M,M,M,M,M,M,,,,
LIZRD,10-APR-24 00.00.00,,,,,,,M,,,,,,,,E,E,,,,,E,,M,M,,,,,,M,,,,,,,,,,,,,,,M,M,M,M,M,M,M,M,,,M,M,M,M,M,M,M,M,,,,
LIZRD,11-APR-24 00.00.00,,,,,,,M,,,,,,,,E,E,,,,,E,,M,M,,,,,,M,,,,,,,,,,,,,,,M,M,M,M,M,M,M,M,,,M,M,M,M,M,M,M,M,,,,
LIZRD,12-APR-24 00.00.00,,,,,,,M,,,,,,,,E,E,,,,,E,,M,M,,,,,,M,,,,,,,,,,,,,,,M,M,M,M,M,M,M,M,,,M,M,M,M,M,M,M,M,,,,
LIZRD,13-APR-24 00.00.00,,,,,,,M,,,,,,,,E,E,,,,,E,,M,M,,,,,,M,,,,,,,,,,,,,,,M,M,M,M,M,M,M,M,,,M,M,M,M,M,M,M,M,,,,
LIZRD,14-APR-24 00.00.00,,,,,,,M,,,,,,,,E,E,,,,,E,,M,M,,,,,,M,,,,,,,,,,,,,,,M,M,M,M,M,M,M,M,,,M,M,M,M,M,M,M,M,,,,
LIZRD,15-APR-24 00.00.00,,,,,,,M,,,,,,,,E,E,,,,,E,,M,M,,,,,,M,,,,,,,,,,,,,,,M,M,M,M,M,M,M,M,,,M,M,M,M,M,M,M,M,,,,
LIZRD,16-APR-24 00.00.00,,,,,,,M,,,,,,,,E,E,,,,,E,,M,M,,,,,,M,,,,,,,,,,,,,,,M,M,M,M,M,M,M,M,,,M,M,M,M,M,M,M,M,,,,
LIZRD,17-APR-24 00.00.00,,,,,,,M,,,,,,,,E,E,,,,,E,,M,M,,,,,,M,,,,,,,,,,,,,,,M,M,M,M,M,M,M,M,,,M,M,M,M,M,M,M,M,,,,
LIZRD,18-APR-24 00.00.00,,,,,,,M,,,,,,,,E,E,,,,,E,,M,M,,,,,,M,,,,,,,,,,,,,,,M,M,M,M,M,M,M,M,,,M,M,M,M,M,M,M,M,,,,
LIZRD,19-APR-24 00.00.00,,,,,,,M,,,,,,,,E,E,,,,,E,,M,M,,,,,,M,,,,,,,,,,,,,,,M,M,M,M,M,M,M,M,,,M,M,M,M,M,M,M,M,,,,
LIZRD,20-APR-24 00.00.00,,,,,,,M,,,,,,,,E,E,,,,,E,,M,M,,,,,,M,,,,,,,,,,,,,,,M,M,M,M,M,M,M,M,,,M,M,M,M,M,M,M,M,,,,
LIZRD,21-APR-24 00.00.00,,,,,,,M,,,,,,,,E,E,,,,,E,,M,M,,,,,,M,,,,,,,,,,,,,,,M,M,M,M,M,M,M,M,,,M,M,M,M,M,M,M,M,,,,
LIZRD,22-APR-24 00.00.00,,,,,,,M,,,,,,,,E,E,,,,,E,,M,M,,,,,,M,,,,,,,,,,,,,,,M,M,M,M,M,M,M,M,,,M,M,M,M,M,M,M,M,,,,
LIZRD,23-APR-24 00.00.00,,,,,,,M,,,,,,,,E,E,,,,,E,,M,M,,,,,,M,,,,,,,,,,,,,,,M,M,M,M,M,M,M,M,,,M,M,M,M,M,M,M,M,,,,
LIZRD,24-APR-24 00.00.00,,,,,,,M,,,,,,,,E,E,,,,,E,,M,M,,,,,,M,,,,,,,,,,,,,,,M,M,M,M,M,M,M,M,,,M,M,M,M,M,M,M,M,,,,
LIZRD,25-APR-24 00.00.00,,,,,,,M,,,,,,,,E,E,,,,,E,,M,M,,,,,,M,,,,,,,,,,,,,,,M,M,M,M,M,M,M,M,,,M,M,M,M,M,M,M,M,,,,
LIZRD,26-APR-24 00.00.00,,,,,,,M,,,,,,,,E,E,,,,,E,,M,M,,,,,,M,,,,,,,,,,,,,,,M,M,M,M,M,M,M,M,,,M,M,M,M,M,M,M,M,,,,
LIZRD,27-APR-24 00.00.00,,,,,,,M,,,,,,,,E,E,,,,,E,,M,M,,,,,,M,,,,,,,,,,,,,,,M,M,M,M,M,M,M,M,,,M,M,M,M,M,M,M,M,,,,
LIZRD,28-APR-24 00.00.00,,,,,,,M,,,,,,,,E,E,,,,,E,,M,M,,,,,,M,,,,,,,,,,,,,,,M,M,M,M,M,M,M,M,,,M,M,M,M,M,M,M,M,,,,
LIZRD,29-APR-24 00.00.00,,,,,,,M,,,,,,,,E,E,,,,,E,,M,M,,,,,,M,,,,,,,,,,,,,,,M,M,M,M,M,M,M,M,,,M,M,M,M,M,M,M,M,,,,
LIZRD,30-APR-24 00.00.00,,,,,,,M,,,,,,,,E,E,,,,,E,,M,M,,,,,,M,,,,,,,,,,,,,,,M,M,M,M,M,M,M,M,,,M,M,M,M,M,M,M,M,,,,
LIZRD,01-MAY-24 00.00.00,,,,,,,M,,,,,,,,E,E,,,,,E,,M,M,,,,,,M,,,,,,,,,,,,,,,M,M,M,M,M,M,M,M,,,M,M,M,M,M,M,M,M,,,,
LIZRD,02-MAY-24 00.00.00,E,,,,,,M,,,,,,,,E,E,E,E,E,E,E,,M,M,,,E,,,M,,,,,,,,E,E,,,,,,M,M,M,M,M,M,M,M,,,M,M,M,M,M,M,M,M,,,,
LIZRD,03-MAY-24 00.00.00,,,,,,,M,,,,,,,,E,E,,,,,E,,M,M,,,,,,M,,,,,,,,,,,,,,,M,M,M,M,M,M,M,M,,,M,M,M,M,M,M,M,M,,,,
LIZRD,04-MAY-24 00.00.00,,,,,,,M,,,,,,,,E,E,,,,,E,,M,M,,,,,,M,,,,,,,,,,,,,,,M,M,M,M,M,M,M,M,,,M,M,M,M,M,M,M,M,,,,
LIZRD,05-MAY-24 00.00.00,,,,,,,M,,,,,,,,E,E,,,,,E,,M,M,,,,,,M,,,,,,,,,,,,,,,M,M,M,M,M,M,M,M,,,M,M,M,M,M,M,M,M,,,,
LIZRD,06-MAY-24 00.00.00,,,,,,,M,,,,,,,,E,E,,,,,E,,M,M,,,,,,M,,,,,,,,,,,,,,,M,M,M,M,M,M,M,M,,,M,M,M,M,M,M,M,M,,,,
LIZRD,07-MAY-24 00.00.00,,,,,,,M,,,,,,,,E,E,,,,,E,,M,M,,,,,,M,,,,,,,,,,,,,,,M,M,M,M,M,M,M,M,,,M,M,M,M,M,M,M,M,,,,
LIZRD,08-MAY-24 00.00.00,,,,,,,M,,,,,,,,E,E,,,,,E,,M,M,,,,,,M,,,,,,,,,,,,,,,M,M,M,M,M,M,M,M,,,M,M,M,M,M,M,M,M,,,,
LIZRD,09-MAY-24 00.00.00,,,,,,,M,,,,,,,,E,E,,,,,E,,M,M,,,,,,M,,,,,,,,,,,,,,,M,M,M,M,M,M,M,M,,,M,M,M,M,M,M,M,M,,,,
LIZRD,10-MAY-24 00.00.00,,,,,,,M,,,,,,,,E,E,,,,,E,,M,M,,,,,,M,,,,,,,,,,,,,,,M,M,M,M,M,M,M,M,,,M,M,M,M,M,M,M,M,,,,
LIZRD,11-MAY-24 00.00.00,,,,,,,M,,,,,,,,E,E,,,,,E,,M,M,,,,,,M,,,,,,,,,,,,,,,M,M,M,M,M,M,M,M,,,M,M,M,M,M,M,M,M,,,,
LIZRD,12-MAY-24 00.00.00,,,,,,,M,,,,,,,,E,E,,,,,E,,M,M,,,,,,M,,,,,,,,,,,,,,,M,M,M,M,M,M,M,M,,,M,M,M,M,M,M,M,M,,,,
LIZRD,13-MAY-24 00.00.00,,,,,,,M,,,,,,,,E,E,,,,,E,,M,M,,,,,,M,,,,,,,,,,,,,,,M,M,M,M,M,M,M,M,,,M,M,M,M,M,M,M,M,,,,
LIZRD,14-MAY-24 00.00.00,,,,,,,M,,,,,,,,E,E,,,,,E,,M,M,,,,,,M,,,,,,,,,,,,,,,M,M,M,M,M,M,M,M,,,M,M,M,M,M,M,M,M,,,,
LIZRD,15-MAY-24 00.00.00,,,,,,,M,,,,,,,,E,E,,,,,E,,M,M,,,,,,M,,,,,,,,,,,,,,,M,M,M,M,M,M,M,M,,,M,M,M,M,M,M,M,M,,,,
LIZRD,16-MAY-24 00.00.00,,,,,,,M,,,,,,,,E,E,,,,,E,,M,M,,,,,,M,,,,,,,,,,,,,,,M,M,M,M,M,M,M,M,,,M,M,M,M,M,M,M,M,,,,
LIZRD,17-MAY-24 00.00.00,,,,,,,M,,,,,,,,E,E,,,,,E,,M,M,,,,,,M,,,,,,,,,,,,,,,M,M,M,M,M,M,M,M,,,M,M,M,M,M,M,M,M,,,,
LIZRD,18-MAY-24 00.00.00,,,,,,,M,,,,,,,,E,E,,,,,E,,M,M,,,,,,M,,,,,,,,,,,,,,,M,M,M,M,M,M,M,M,,,M,M,M,M,M,M,M,M,,,,
LIZRD,19-MAY-24 00.00.00,,,,,,,M,,,,,,,,E,E,,,,,E,,M,M,,,,,,M,,,,,,,,,,,,,,,M,M,M,M,M,M,M,M,,,M,M,M,M,M,M,M,M,,,,
LIZRD,20-MAY-24 00.00.00,,,,,,,M,,,,,,,,E,E,,,,,E,,M,M,,,,,,M,,,,,,,,,,,,,,,M,M,M,M,M,M,M,M,,,M,M,M,M,M,M,M,M,,,,
LIZRD,21-MAY-24 00.00.00,,,,,,,M,,,,,,,,E,E,,,,,E,,M,M,,,,,,M,,,,,,,,,,,,,,,M,M,M,M,M,M,M,M,,,M,M,M,M,M,M,M,M,,,,
LIZRD,22-MAY-24 00.00.00,,,,,,,M,,,,,,,,E,E,,,,,E,,M,M,,,,,,M,,,,,,,,,,,,,,,M,M,M,M,M,M,M,M,,,M,M,M,M,M,M,M,M,,,,
LIZRD,23-MAY-24 00.00.00,,,,,,,M,,,,,,,,E,E,,,,,E,,M,M,,,,,,M,,,,,,,,,,,,,,,M,M,M,M,M,M,M,M,,,M,M,M,M,M,M,M,M,,,,
LIZRD,24-MAY-24 00.00.00,,,,,,,M,,,,,,,,E,E,,,,,E,,M,M,,,,,,M,,,,,,,,,,,,,,,M,M,M,M,M,M,M,M,,,M,M,M,M,M,M,M,M,,,,
LIZRD,25-MAY-24 00.00.00,,,,,,,M,,,,,,,,E,E,,,,,E,,M,M,,,,,,M,,,,,,,,,,,,,,,M,M,M,M,M,M,M,M,,,M,M,M,M,M,M,M,M,,,,
LIZRD,26-MAY-24 00.00.00,,,,,,,M,,,,,,,,E,E,,,,,E,,M,M,,,,,,M,,,,,,,,,,,,,,,M,M,M,M,M,M,M,M,,,M,M,M,M,M,M,M,M,,,,
LIZRD,27-MAY-24 00.00.00,,,,,,,M,,,,,,,,E,E,,,,,E,,M,M,,,,,,M,,,,,,,,,,,,,,,M,M,M,M,M,M,M,M,,,M,M,M,M,M,M,M,M,,,,
LIZRD,28-MAY-24 00.00.00,,,,,,,M,,,,,,,,E,E,,,,,E,,M,M,,,,,,M,,,,,,,,,,,,,,,M,M,M,M,M,M,M,M,,,M,M,M,M,M,M,M,M,,,,
LIZRD,29-MAY-24 00.00.00,,,,,,,M,,,,,,,,E,E,,,,,E,,M,M,,,,,,M,,,,,,,,,,,,,,,M,M,M,M,M,M,M,M,,,M,M,M,M,M,M,M,M,,,,
LIZRD,30-MAY-24 00.00.00,,,,,,,M,,,,,,,,E,E,,,,,E,,M,M,,,,,,M,,,,,,,,,,,,,,,M,M,M,M,M,M,M,M,,,M,M,M,M,M,M,M,M,,,,
LIZRD,31-MAY-24 00.00.00,,,,,,,M,,,,,,,,E,E,,,,,E,,M,M,,,,,,M,,,,,,,,,,,,,,,M,M,M,M,M,M,M,M,,,M,M,M,M,M,M,M,M,,,,
LIZRD,01-JUN-24 00.00.00,,,,,,,M,,,,,,,,E,E,,,,,E,,M,M,,,,,,M,,,,,,,,,,,,,,,M,M,M,M,M,M,M,M,,,M,M,M,M,M,M,M,M,,,,
LIZRD,02-JUN-24 00.00.00,,,,,,,M,,,,,,,,E,E,,,,,E,,M,M,,,,,,M,,,,,,,,,,,,,,,M,M,M,M,M,M,M,M,,,M,M,M,M,M,M,M,M,,,,
LIZRD,03-JUN-24 00.00.00,,,,,,,M,,,,,,,,E,E,,,,,E,,M,M,,,,,,M,,,,,,,,,,,,,,,M,M,M,M,M,M,M,M,,,M,M,M,M,M,M,M,M,,,,
LIZRD,04-JUN-24 00.00.00,,,,,,,M,,,,,,,,E,E,,,,,E,,M,M,,,,,,M,,,,,,,,,,,,,,,M,M,M,M,M,M,M,M,,,M,M,M,M,M,M,M,M,,,,
LIZRD,05-JUN-24 00.00.00,,,,,,,M,,,,,,,,E,E,,,,,E,,M,M,,,,,,M,,,,,,,,,,,,,,,M,M,M,M,M,M,M,M,,,M,M,M,M,M,M,M,M,,,,
LIZRD,06-JUN-24 00.00.00,,,,,,,M,,,,,,,,E,E,,,,,E,,M,M,,,,,,M,,,,,,,,,,,,,,,M,M,M,M,M,M,M,M,,,M,M,M,M,M,M,M,M,,,,
LIZRD,07-JUN-24 00.00.00,,,,,,,M,,,,,,,,E,E,,,,,E,,M,M,,,,,,M,,,,,,,,,,,,,,,M,M,M,M,M,M,M,M,,,M,M,M,M,M,M,M,M,,,,
LIZRD,08-JUN-24 00.00.00,,,,,,,M,,,,,,,,E,E,,,,,E,,M,M,,,,,,M,,,,,,,,,,,,,,,M,M,M,M,M,M,M,M,,,M,M,M,M,M,M,M,M,,,,
LIZRD,09-JUN-24 00.00.00,,,,,,,M,,,,,,,,E,E,,,,,E,,M,M,,,,,,M,,,,,,,,,,,,,,,M,M,M,M,M,M,M,M,,,M,M,M,M,M,M,M,M,,,,
LIZRD,10-JUN-24 00.00.00,,,,,,,M,,,,,,,,E,E,,,,,E,,M,M,,,,,,M,,,,,,,,,,,,,,,M,M,M,M,M,M,M,M,,,M,M,M,M,M,M,M,M,,,,
LIZRD,11-JUN-24 00.00.00,,,,,,,M,,,,,,,,E,E,,,,,E,,M,M,,,,,,M,,,,,,,,,,,,,,,M,M,M,M,M,M,M,M,,,M,M,M,M,M,M,M,M,,,,
LIZRD,12-JUN-24 00.00.00,,,,,,,M,,,,,,,,E,E,,,,,E,,M,M,,,,,,M,,,,,,,,,,,,,,,M,M,M,M,M,M,M,M,,,M,M,M,M,M,M,M,M,,,,
LIZRD,13-JUN-24 00.00.00,,,,,,,M,,,,,,,,E,E,,,,,E,,M,M,,,,,,M,,,,,,,,,,,,,,,M,M,M,M,M,M,M,M,,,M,M,M,M,M,M,M,M,,,,
LIZRD,14-JUN-24 00.00.00,,,,,,,M,,,,,,,,E,E,,,,,E,,M,M,,,,,,M,,,,,,,,,,,,,,,M,M,M,M,M,M,M,M,,,M,M,M,M,M,M,M,M,,,,
LIZRD,15-JUN-24 00.00.00,,,,,,,M,,,,,,,,E,E,,,,,E,,M,M,,,,,,M,,,,,,,,,,,,,,,M,M,M,M,M,M,M,M,,,M,M,M,M,M,M,M,M,,,,
LIZRD,16-JUN-24 00.00.00,,,,,,,M,,,,,,,,E,E,,,,,E,,M,M,,,,,,M,,,,,,,,,,,,,,,M,M,M,M,M,M,M,M,,,M,M,M,M,M,M,M,M,,,,
LIZRD,17-JUN-24 00.00.00,,,,,,,M,,,,,,,,E,E,,,,,E,,M,M,,,,,,M,,,,,,,,,,,,,,,M,M,M,M,M,M,M,M,,,M,M,M,M,M,M,M,M,,,,
LIZRD,18-JUN-24 00.00.00,,,,,,,M,,,,,,,,E,E,,,,,E,,M,M,,,,,,M,,,,,,,,,,,,,,,M,M,M,M,M,M,M,M,,,M,M,M,M,M,M,M,M,,,,
LIZRD,19-JUN-24 00.00.00,,,,,,,M,,,,,,,,E,E,,,,,E,,M,M,,,,,,M,,,,,,,,,,,,,,,M,M,M,M,M,M,M,M,,,M,M,M,M,M,M,M,M,,,,
LIZRD,20-JUN-24 00.00.00,,,,,,,M,,,,,,,,E,E,,,,,E,,M,M,,,,,,M,,,,,,,,,,,,,,,M,M,M,M,M,M,M,M,,,M,M,M,M,M,M,M,M,,,,
LIZRD,21-JUN-24 00.00.00,,,,,,,M,,,,,,,,E,E,,,,,E,,M,M,,,,,,M,,,,,,,,,,,,,,,M,M,M,M,M,M,M,M,,,M,M,M,M,M,M,M,M,,,,
LIZRD,22-JUN-24 00.00.00,,,,,,,M,,,,,,,,E,E,,,,,E,,M,M,,,,,,M,,,,,,,,,,,,,,,M,M,M,M,M,M,M,M,,,M,M,M,M,M,M,M,M,,,,
LIZRD,23-JUN-24 00.00.00,,,,,,,M,,,,,,,,E,E,,,,,E,,M,M,,,,,,M,,,,,,,,,,,,,,,M,M,M,M,M,M,M,M,,,M,M,M,M,M,M,M,M,,,,
LIZRD,24-JUN-24 00.00.00,,,,,,,M,,,,,,,,E,E,,,,,E,,M,M,,,,,,M,,,,,,,,,,,,,,,M,M,M,M,M,M,M,M,,,M,M,M,M,M,M,M,M,,,,
LIZRD,25-JUN-24 00.00.00,,,,,,,M,,,,,,,,E,E,,,,,E,,M,M,,,,,,M,,,,,,,,,,,,,,,M,M,M,M,M,M,M,M,,,M,M,M,M,M,M,M,M,,,,
LIZRD,26-JUN-24 00.00.00,,,,,,,M,,,,,,,,E,E,,,,,E,,M,M,,,,,,M,,,,,,,,,,,,,,,M,M,M,M,M,M,M,M,,,M,M,M,M,M,M,M,M,,,,
LIZRD,27-JUN-24 00.00.00,,,,,,,M,,,,,,,,E,E,,,,,E,,M,M,,,,,,M,,,,,,,,,,,,,,,M,M,M,M,M,M,M,M,,,M,M,M,M,M,M,M,M,,,,
LIZRD,28-JUN-24 00.00.00,,,,,,,M,,,,,,,,E,E,,,,,E,,M,M,,,,,,M,,,,,,,,,,,,,,,M,M,M,M,M,M,M,M,,,M,M,M,M,M,M,M,M,,,,
LIZRD,29-JUN-24 00.00.00,,,,,,,M,,,,,,,,E,E,,,,,E,,M,M,,,,,,M,,,,,,,,,,,,,,,M,M,M,M,M,M,M,M,,,M,M,M,M,M,M,M,M,,,,
LIZRD,30-JUN-24 00.00.00,,,,,,,M,,,,,,,,E,E,,,,,E,,M,M,,,,,,M,,,,,,,,,,,,,,,M,M,M,M,M,M,M,M,,,M,M,M,M,M,M,M,M,,,,
SHEEP,02-JAN-24 00.00.00,,,,,,,M,,,,,,,,E,E,,,,,E,,,,,,E,,,M,,,,,,,,,E,,,,,,,,,,,,,,,,,,,,,,,,,,,
SHEEP,03-JAN-24 00.00.00,,,,,,,M,,,,,,,,E,E,,,,,E,,,,,,,,,M,,,,,,,,,,,,,,,,,,,,,,,,,,,,,,,,,,,,
SHEEP,04-JAN-24 00.00.00,,,,,,,M,,,,,,,,E,E,,,,,E,,,,,,,,,M,,,,,,,,,,,,,,,,,,,,,,,,,,,,,,,,,,,,
SHEEP,05-JAN-24 00.00.00,,,,,,,M,,,,,,,,E,E,,,,,E,,,,,,,,,M,,,,,,,,,,,,,,,,,,,,,,,,,,,,,,,,,,,,
SHEEP,06-JAN-24 00.00.00,,,,,,,M,,,,,,,,E,E,,,,,E,,,,,,,,,M,,,,,,,,,,,,,,,,,,,,,,,,,,,,,,,,,,,,
SHEEP,07-JAN-24 00.00.00,,,,,,,M,,,,,,,,E,E,,,,,E,,,,,,,,,M,,,,,,,,,,,,,,,,,,,,,,,,,,,,,,,,,,,,
SHEEP,08-JAN-24 00.00.00,,,,,,,M,,,,,,,,E,E,,,,,E,,,,,,,,,M,,,,,,,,,,,,,,,,,,,,,,,,,,,,,,,,,,,,
SHEEP,09-JAN-24 00.00.00,,,,,,,M,,,,,,,,E,E,,,,,E,,,,,,,,,M,,,,,,,,,,,,,,,,,,,,,,,,,,,,,,,,,,,,
SHEEP,10-JAN-24 00.00.00,,,,,,,M,,,,,,,,E,E,,,,,E,,,,,,,,,M,,,,,,,,,,,,,,,,,,,,,,,,,,,,,,,,,,,,
SHEEP,11-JAN-24 00.00.00,,,,,,,M,,,,,,,,E,E,,,,,E,,,,,,,,,M,,,,,,,,,,,,,,,,,,,,,,,,,,,,,,,,,,,,
SHEEP,12-JAN-24 00.00.00,,,,,,,M,,,,,,,,E,E,,,,,E,,,,,,,,,M,,,,,,,,,,,,,,,,,,,,,,,,,,,,,,,,,,,,
SHEEP,13-JAN-24 00.00.00,,,,,,,M,,,,,,,,E,E,,,,,E,,,,,,,,,M,,,,,,,,,,,,,,,,,,,,,,,,,,,,,,,,,,,,
SHEEP,14-JAN-24 00.00.00,,,,,,,M,,,,,,,,E,E,,,,,E,,,,,,,,,M,,,,,,,,,,,,,,,,,,,,,,,,,,,,,,,,,,,,
SHEEP,15-JAN-24 00.00.00,,,,,,,M,,,,,,,,E,E,,,,,E,,,,,,,,,M,,,,,,,,,,,,,,,,,,,,,,,,,,,,,,,,,,,,
SHEEP,16-JAN-24 00.00.00,,,,,,,M,,,,,,,,E,E,,,,,E,,,,,,,,,M,,,,,,,,,,,,,,,,,,,,,,,M,,,,,,,,,M,,,,
SHEEP,17-JAN-24 00.00.00,,,,,,,M,,,,,,,,E,E,,,,,E,,,,,,,,,M,,,,,,,,,,,,,,,,,,,,,,,M,,,,,,,,,M,,,,
SHEEP,18-JAN-24 00.00.00,,,,,,,M,,,,,,,,E,E,,,,,E,,,,,,,,,M,,,,,,,,,,,,,,,,,,,,,,,M,,M,M,,,,,,M,,,,
SHEEP,19-JAN-24 00.00.00,,,,,,,M,,,,,,,,E,E,,,,,E,,,,,,,,,M,,,,,,,,,,,,,,,,,,,,,,,M,,M,M,,,,,,M,,,,
SHEEP,20-JAN-24 00.00.00,,,,,,,M,,,,,,,,E,E,,,,,E,,,,,,,,,M,,,,,,,,,,,,,,,,,,,,,,,M,M,M,M,,,,,,M,,,,
SHEEP,21-JAN-24 00.00.00,,,,,,,M,,,,,,,,E,E,,,,,E,,,,,,,,,M,,,,,,,,,,,,,,,,,,,,,,,M,,,,,,,,,M,,,,
SHEEP,22-JAN-24 00.00.00,,,,,,,M,,,,,,,,E,E,,,,,E,,,,,,,,,M,,,,,,,,,,,,,,,,,,,,,,,,,,,,,,,,,,,,
SHEEP,23-JAN-24 00.00.00,,,,,,,M,,,,,,,,E,E,,,,,E,,,,,,,,,M,,,,,,,,,,,,,,,,,,,,,,,,,,,,,,,,,,,,
SHEEP,24-JAN-24 00.00.00,,,,,,,M,,,,,,,,E,E,,,,,E,,,,,,,,,M,,,,,,,,,,,,,,,,,,,,,,,,,,,,,,,,,,,,
SHEEP,25-JAN-24 00.00.00,,,,,,,M,,,,,,,,E,E,,,,,E,,,,,,,,,M,,,,,,,,,,,,,,,,,,,,,,,,,,,,,,,,,,,,
SHEEP,26-JAN-24 00.00.00,,,,,,,M,,,,,,,,E,E,,,,,E,,,,,,,,,M,,,,,,,,,,,,,,,,,,,,,,,,,,,,,,,,,,,,
SHEEP,27-JAN-24 00.00.00,,,,,,,M,,,,,,,,E,E,,,,,E,,,,,,,,,M,,,,,,,,,,,,,,,,,,,,,,,,,,,,,,,,,,,,
SHEEP,28-JAN-24 00.00.00,,,,,,,M,,,,,,,,E,E,,,,,E,,,,,,,,,M,,,,,,,,,,,,,,,,,,,,,,,,,,,,,,,,,,,,
SHEEP,29-JAN-24 00.00.00,,,,,,,M,,,,,,,,E,E,,,,,E,,,,,,,,,M,,,,,,,,,,,,,,,,,,,,,,,,,,,,,,,,,,,,
SHEEP,30-JAN-24 00.00.00,,,,,,,M,,,,,,,,E,E,,,,,E,,,,,,,,,M,,,,,,,,,,,,,,,,,,,,,,,,,,,,,,,,,,,,
SHEEP,31-JAN-24 00.00.00,,,,,,,M,,,,,,,,E,E,,,,,E,,,,,,,,,M,,,,,,,,,,,,,,,,,,,,,,,,,,,,,,,,,,,,
SHEEP,01-FEB-24 00.00.00,,,,,,,M,,,,,,,,E,E,,,,,E,,,,,,,,,M,,,,,,,,,,,,,,,,,,,,,,,,,,,,,,,,,,,,
SHEEP,02-FEB-24 00.00.00,,,,,,,M,,,,,,,,E,E,,,,,E,M,,,,,,,,M,,,,,,,,,,,,,,,,,,,,,,,,,,,,,,,,,,,,
SHEEP,03-FEB-24 00.00.00,,,,,,,M,,,,,,,,E,E,,,,,E,,,,,,,,,M,,,,,,,,,,,,,,,,,,,,,,,,,,,,,,,,,,,,
SHEEP,04-FEB-24 00.00.00,,,,,,,M,,,,,,,,E,E,,,,,E,,M,,,,,,,M,,,,,,,,,,,,,,,,,,,,,,,,,,,,,,,,,,,,
SHEEP,05-FEB-24 00.00.00,,,,,,,M,,,,,,,,E,E,,,,,E,,M,,,,,,,M,,,,,,,,,,,,,,,,,,,,,,,,,,,,,,,,,,,,
SHEEP,06-FEB-24 00.00.00,,,,,,,M,,,,,,,,E,E,,,,,E,,M,,,,,,,M,,,,,,,,,,,,,,,,,,,,,,,,,,,,,,,,,,,,
SHEEP,07-FEB-24 00.00.00,,,,,,,M,,,,,,,,E,E,,,,,E,,,,,,,,,M,,,,,,,,,,,,,,,,,,,,,,,,,,,,,,,,,,,,
SHEEP,08-FEB-24 00.00.00,,,,,,,M,,,,,,,,E,E,,,,,E,,,,,,,,,M,,,,,,,,,,,,,,,,,,,,,,,,,,,,,,,,,,,,
SHEEP,09-FEB-24 00.00.00,,,,,,,M,,,,,,,,E,E,,,,,E,,,,,,,,,M,,,,,,,,,,,,,,,,,,,,,,,,,,,,,,,,,,,,
SHEEP,10-FEB-24 00.00.00,,,,,,,M,,,,,,,,E,E,,,,,E,,M,,,,,,,M,,,,,,,,,,,,,,,,,,,,,,,,,,,,,,,,,,,,
SHEEP,11-FEB-24 00.00.00,,,,,,,M,,,,,,,,E,E,,,,,E,,M,,,,,,,M,,,,,,,,,,,,,,,,,,,,,,,,,,,,,,,,,,,,
SHEEP,12-FEB-24 00.00.00,,,,,,,M,,,,,,,,E,E,,,,,E,,M,,,,,,,M,,,,,,,,,,,,,,,,,,,,,,,,,,,,,,,,,,,,
SHEEP,13-FEB-24 00.00.00,,,,,,,M,,,,,,,,E,E,,,,,E,,,,,,,,,M,,,,,,,,,,,,,,,,,,,,,,,,,,,,,,,,,,,,
SHEEP,14-FEB-24 00.00.00,,,,,,,M,,,,,,,,E,E,,,,,E,,M,,,,E,,,M,,,,,,,,,E,,,,,,,,,,,,,,,,,,,,,,,,,,,
SHEEP,15-FEB-24 00.00.00,,,,,,,M,,,,,,,,E,E,,,,,E,,,,,,,,,M,,,,,,,,,,,,,,,,,,,,,,,,,,,,,,,,,,,,
SHEEP,16-FEB-24 00.00.00,,,,,,,M,,,,,,,,E,E,,,,,E,,,,,,,,,M,,,,,,,,,,,,,,,,,,,,,,,,,,,,,,,,,,,,
SHEEP,17-FEB-24 00.00.00,,,,,,,M,,,,,,,,E,E,,,,,E,,M,,,,E,,,M,,,,,,,,E,,,,,,,,,,,,,,,,,,,,,,,,,,,,
SHEEP,18-FEB-24 00.00.00,,,,,,,M,,,,,,,,E,E,,,,,E,,M,,,,,,,M,,,,,,,,,,,,,,,,,,,,,,,,,,,,,,,,,,,,
SHEEP,19-FEB-24 00.00.00,,,,,,,M,,,,,,,,E,E,,,,,E,,M,,,,,,,M,,,,,,,,,,,,,,,,,,,,,,,,,,,,,,,,,,,,
SHEEP,20-FEB-24 00.00.00,,,,,,,M,,,,,,,,E,E,,,,,E,,,,,,,,,M,,,,,,,,,,,,,,,,,,,,,,,,,,,,,,,,,,,,
SHEEP,21-FEB-24 00.00.00,,,,,,,M,,,,,,,,E,E,,,,,E,,,,,,,,,M,,,,,,,,,,,,,,,,,,,,,,,,,,,,,,,,,,,,
SHEEP,22-FEB-24 00.00.00,,,,,,,M,,,,,,,,E,E,,,,,E,,,,,,,,,M,,,,,,,,,,,,,,,,,,,,,,,,,,,,,,,,,,,,
SHEEP,23-FEB-24 00.00.00,,,,,,,M,,,,,,,,E,E,,,,,E,,M,,,,,,,M,,,,,,,,,,,,,,,,,,,,,,,,,,,,,,,,,,,,
SHEEP,24-FEB-24 00.00.00,,,,,,,M,,,,,,,,E,E,,,,,E,,M,,,,,,,M,,,,,,,,,,,,,,,,,,,,,,,,,,,,,,,,,,,,
SHEEP,25-FEB-24 00.00.00,,,,,,,M,,,,,,,,E,E,,,,,E,,M,,,,,,,M,,,,,,,,,,,,,,,,,,,,,,,,,,,,,,,,,,,,
SHEEP,26-FEB-24 00.00.00,,,,,,,M,,,,,,,,E,E,,,,,E,,,,,,,,,M,,,,,,,,,,,,,,,,,,,,,,,,,,,,,,,,,,,,
SHEEP,27-FEB-24 00.00.00,,,,,,,M,,,,,,,,E,E,,,,,E,,,,,,,,,M,,,,,,,,,,,,,,,,,,,,,,,,,,,,,,,,,,,,
SHEEP,28-FEB-24 00.00.00,,,,,,,M,,,,,,,,E,E,,,,,E,,,,,,E,,,M,,,,,,,,,E,,,,,,,,,,,,,,,,,,,,,,,,,,,
SHEEP,29-FEB-24 00.00.00,,,,,,,M,,,,,,,,E,E,,,,,E,,,,,,,,,M,,,,,,,,,,,,,,,,,,,,,,,,,,,,,,,,,,,,
SHEEP,01-MAR-24 00.00.00,,,,,,,M,,,,,,,,E,E,,,,,E,,,,,,,,,M,,,,,,,,,,,,,,,,,,,,,,,,,,,,,,,,,,,,
SHEEP,02-MAR-24 00.00.00,,,,,,,M,,,,,,,,E,E,,,,,E,,,,,,,,,M,,,,,,,,,,,,,,,,,,,,,,,,,,,,,,,,,,,,
SHEEP,03-MAR-24 00.00.00,,,,,,,M,,,,,,,,E,E,,,,,E,,,,,,,,,M,,,,,,,,,,,,,,,,,,,,,,,,,,,,,,,,,,,,
SHEEP,04-MAR-24 00.00.00,,,,,,,M,,,,,,,,E,E,,,,,E,,,,,,,,,M,,,,,,,,,,,,,,,,,,,,,,,,,,,,,,,,,,,,
SHEEP,05-MAR-24 00.00.00,,,,,,,M,,,,,,,,E,E,,,,,E,,,,,,,,,M,,,,,,,,,,,,,,,,,,,,,,,,,,,,,,,,,,,,
SHEEP,06-MAR-24 00.00.00,,,,,,,M,,,,,,,,E,E,,,,,E,,,,,,,,,M,,,,,,,,,,,,,,,,,,,,,,,,,,,,,,,,,,,,
SHEEP,07-MAR-24 00.00.00,,,,,,,M,,,,,,,,E,E,,,,,E,,,,,,,,,M,,,,,,,,,,,,,,,,,,,,,,,,,,,,,,,,,,,,
SHEEP,08-MAR-24 00.00.00,,,,,,,M,,,,,,,,E,E,,,,,E,,,,,,,,,M,,,,,,,,,,,,,,,,,,,,,,,,,,,,,,,,,,,,
SHEEP,09-MAR-24 00.00.00,,,,,,,M,,,,,,,,E,E,,,,,E,,,,,,,,,M,,,,,,,,,,,,,,,,,,,,,,,,,,,,,,,,,,,,
SHEEP,10-MAR-24 00.00.00,,,,,,,M,,,,,,,,E,E,,,,,E,,,,,,,,,M,,,,,,,,,,,,,,,,,,,,,,,,,,,,,,,,,,,,
SHEEP,11-MAR-24 00.00.00,,,,,,,M,,,,,,,,E,E,,,,,E,,,,,,,,,M,,,,,,,,,,,,,,,,,,,,,,,,,,,,,,,,,,,,
SHEEP,12-MAR-24 00.00.00,,,,,,,M,,,,,,,,E,E,,,,,E,,,,,,,,,M,,,,,,,,,,,,,,,,,,,,,,,,,,,,,,,,,,,,
SHEEP,13-MAR-24 00.00.00,,,,,,,M,,,,,,,,E,E,,,,,E,,,,,,,,,M,,,,,,,,,,,,,,,,,,,,,,,,,,,,,,,,,,,,
SHEEP,14-MAR-24 00.00.00,,,,,,,M,,,,,,,,E,E,,,,,E,,M,,,,,,,M,,,,,,,,,,,,,,,,,,,,,,,,,,,,,,,,,,,,
SHEEP,15-MAR-24 00.00.00,,,,,,,M,,,,,,,,E,E,,,,,E,,M,,,,,,,M,,,,,,,,,,,,,,,,,,,,,,,,,,,,,,,,,,,,
SHEEP,16-MAR-24 00.00.00,,,,,,,M,,,,,,,,E,E,,,,,E,,,,,,,,,M,,,,,,,,,,,,,,,,,,,,,,,,,,,,,,,,,,,,
SHEEP,17-MAR-24 00.00.00,,,,,,,M,,,,,,,,E,E,,,,,E,,,,,,,,,M,,,,,,,,,,,,,,,,,,,,,,,,,,,,,,,,,,,,
SHEEP,18-MAR-24 00.00.00,,,,,,,M,,,,,,,,E,E,,,,,E,,,,,,,,,M,,,,,,,,,,,,,,,,,,,,,,,,,,,,,,,,,,,,
SHEEP,19-MAR-24 00.00.00,,,,,,,M,,,,,,,,E,E,,,,,E,,,,,,,,,M,,,,,,,,,,,,,,,,,,,,,,,,,,,,,,,,,,,,
SHEEP,20-MAR-24 00.00.00,,,,,,,M,,,,,,,,E,E,,,,,E,,,,,,,,,M,,,,,,,,,,,,,,,,,,,,,,,,,,,,,,,,,,,,
SHEEP,21-MAR-24 00.00.00,,,,,,,M,,,,,,,,E,E,,,,,E,,,,,,,,,M,,,,,,,,,,,,,,,,,,,,,,,,,,,,,,,,,,,,
SHEEP,22-MAR-24 00.00.00,,,,,,,M,,,,,,,,E,E,,,,,E,,M,,,,,,,M,,,,,,,,,,,,,,,,,,,,,,,,,,,,,,,,,,,,
SHEEP,23-MAR-24 00.00.00,,,,,,,M,,,,,,,,E,E,,,,,E,,,,,,,,,M,,,,,,,,,,,,,,,,,,,,,,,,,,,,,,,,,,,,
SHEEP,24-MAR-24 00.00.00,,,,,,,M,,,,,,,,E,E,,,,,E,,,,,,,,,M,,,,,,,,,,,,,,,,,,,,,,,,,,,,,,,,,,,,
SHEEP,25-MAR-24 00.00.00,,,,,,,M,,,,,,,,E,E,,,,,E,,,,,,,,,M,,,,,,,,,,,,,,,,,,,,,,,,,,,,,,,,,,,,
SHEEP,26-MAR-24 00.00.00,,,,,,,M,,,,,,,,E,E,,,,,E,,,,,,,,,M,,,,,,,,,,,,,,,,,,,,,,,,,,,,,,,,,,,,
SHEEP,27-MAR-24 00.00.00,,,,,,,M,,,,,,,,E,E,,,,,E,,,,,,,,,M,,,,,,,,,,,,,,,,,,,,,,,,,,,,,,,,,,,,
SHEEP,28-MAR-24 00.00.00,,,,,,,M,,,,,,,,E,E,,,,,E,,,,,,,,,M,,,,,,,,,,,,,,,,,,,,,,,,,,,,,,,,,,,,
SHEEP,29-MAR-24 00.00.00,,,,,,,M,,,,,,,,E,E,,,,,E,,,,,,,,,M,,,,,,,,,,,,,,,,,,,,,,,,,,,,,,,,,,,,
SHEEP,30-MAR-24 00.00.00,,,,,,,M,,,,,,,,E,E,,,,,E,,M,,,,,,,M,,,,,,,,,,,,,,,,,,,,,,,,,,,,,,,,,,,,
SHEEP,31-MAR-24 00.00.00,,,,,,,M,,,,,,,,E,E,,,,,E,,,,,,,,,M,,,,,,,,,,,,,,,,,,,,,,,,,,,,,,,,,,,,
SHEEP,01-APR-24 00.00.00,,,,,,,M,,,,,,,,E,E,,,,,E,,M,,,,,,,M,,,,,,,,,,,,,,,,,,,,,,,,,,,,,,,,,,,,
SHEEP,02-APR-24 00.00.00,,,,,,,M,,,,,,,,E,E,,,,,E,,M,,,,,,,M,,,,,,,,,,,,,,,,,,,,,,,,,,,,,,,,,,,,
SHEEP,03-APR-24 00.00.00,,,,,,,M,,,,,,,,E,E,,,,,E,,,,,,,,,M,,,,,,,,,,,,,,,,,,,,,,,,,,,,,,,,,,,,
SHEEP,04-APR-24 00.00.00,,,,,,,M,,,,,,,,E,E,,,,,E,,M,,,,,,,M,,,,,,,,,,,,,,,,,,,,,,,,,,,,,,,,,,,,
SHEEP,05-APR-24 00.00.00,,,,,,,M,,,,,,,,E,E,,,,,E,,,,,,,,,M,,,,,,,,,,,,,,,,,,,,,,,,,,,,,,,,,,,,
SHEEP,06-APR-24 00.00.00,,,,,,,M,,,,,,,,E,E,,,,,E,,,,,,,,,M,,,,,,,,,,,,,,,,,,,,,,,,,,,,,,,,,,,,
SHEEP,07-APR-24 00.00.00,,,,,,,M,,,,,,,,E,E,,,,,E,,,,,,,,,M,,,,,,,,,,,,,,,,,,,,,,,,,,,,,,,,,,,,
SHEEP,08-APR-24 00.00.00,,,,,,,M,,,,,,,,E,E,,,,,E,M,,,,,,,,M,,,,,,,,,,,,,,,,,,,,,,,,,,,,,,,,,,,,
SHEEP,09-APR-24 00.00.00,,,,,,,M,,,,,,,,E,E,,,,,E,,,,,,,,,M,,,,,,,,,,,,,,,,,,,,,,,,,,,,,,,,,,,,
SHEEP,10-APR-24 00.00.00,,,,,,,M,,,,,,,,E,E,,,,,E,M,,,,,,,,M,,,,,,,,,,,,,,,,,,,,,,,,,,,,,,,,,,,,
SHEEP,11-APR-24 00.00.00,,,,,,,M,,,,,,,,E,E,,,,,E,,,,,,,,,M,,,,,,,,,,,,,,,,,,,,,,,,,,,,,,,,,,,,
SHEEP,12-APR-24 00.00.00,,,,,,,M,,,,,,,,E,E,,,,,E,,,,,,,,,M,,,,,,,,,,,,,,,,,,,,,,,,,,,,,,,,,,,,
SHEEP,13-APR-24 00.00.00,,,,,,,M,,,,,,,,E,E,,,,,E,,,,,,,,,M,,,,,,,,,,,,,,,,,,,,,,,,,,,,,,,,,,,,
SHEEP,14-APR-24 00.00.00,,,,,,,M,,,,,,,,E,E,,,,,E,,,,,,,,,M,,,,,,,,,,,,,,,,,,,,,,,,,,,,,,,,,,,,
SHEEP,15-APR-24 00.00.00,,,,,,,M,,,,,,,,E,E,,,,,E,,,,,,,,,M,,,,,,,,,,,,,,,,,,,,,,,,,,,,,,,,,,,,
SHEEP,16-APR-24 00.00.00,,,,,,,M,,,,,,,,E,E,,,,,E,,,,,,,,,M,,,,,,,,,,,,,,,,,,,,,,,,,,,,,,,,,,,,
SHEEP,17-APR-24 00.00.00,,,,,,,M,,,,,,,,E,E,,,,,E,,,,,,,,,M,,,,,,,,,,,,,,,,,,,,,,,,,,,,,,,,,,,,
SHEEP,18-APR-24 00.00.00,,,,,,,M,,,,,,,,E,E,,,,,E,,,,,,,,,M,,,,,,,,,,,,,,,,,,,,,,,,,,,,,,,,,,,,
SHEEP,19-APR-24 00.00.00,,,,,,,M,,,,,,,,E,E,,,,,E,,,,,,,,,M,,,,,,,,,,,,,,,,,,,,,,,,,,,,,,,,,,,,
SHEEP,20-APR-24 00.00.00,,,,,,,M,,,,,,,,E,E,,,,,E,,,,,,,,,M,,,,,,,,,,,,,,,,,,,,,,,,,,,,,,,,,,,,
SHEEP,21-APR-24 00.00.00,,,,,,,M,,,,,,,,E,E,,,,,E,,,,,,,,,M,,,,,,,,,,,,,,,,,,,,,,,,,,,,,,,,,,,,
SHEEP,22-APR-24 00.00.00,,,,,,,M,,,,,,,,E,E,,,,,E,,,,,,,,,M,,,,,,,,,,,,,,,,,,,,,,,,,,,,,,,,,,,,
SHEEP,23-APR-24 00.00.00,,,,,,,M,,,,,,,,E,E,,,,,E,,,,,,,,,M,,,,,,,,,,,,,,,,,,,,,,,,,,,,,,,,,,,,
SHEEP,24-APR-24 00.00.00,,,,,,,M,,,,,,,,E,E,,,,,E,,,,,,,,,M,,,,,,,,,,,,,,,,,,,,,,,,,,,,,,,,,,,,
SHEEP,25-APR-24 00.00.00,,,,,,,M,,,,,,,,E,E,,,,,E,,,,,,,,,M,,,,,,,,,,,,,,,,,,,,,,,,,,,,,,,,,,,,
SHEEP,26-APR-24 00.00.00,,,,,,,M,,,,,,,,E,E,,,,,E,,,,,,,,,M,,,,,,,,,,,,,,,,,,,,,,,,,,,,,,,,,,,,
SHEEP,27-APR-24 00.00.00,,,,,,,M,,,,,,,,E,E,,,,,E,,,,,,,,,M,,,,,,,,,,,,,,,,,,,,,,,,,,,,,,,,,,,,
SHEEP,28-APR-24 00.00.00,,,,,,,M,,,,,,,,E,E,,,,,E,,,,,,,,,M,,,,,,,,,,,,,,,,,,,,,,,,,,,,,,,,,,,,
SHEEP,29-APR-24 00.00.00,,,,,,,M,,,,,,,,E,E,,,,,E,,,,,,,,,M,,,,,,,,,,,,,,,,,,,,,,,,,,,,,,,,,,,,
SHEEP,30-APR-24 00.00.00,,,,,,,M,,,,,,,,E,E,,,,,E,,,,,,,,,M,,,,,,,,,,,,,,,,,,,,,,,,,,,,,,,,,,,,
SHEEP,01-MAY-24 00.00.00,,,,,,,M,,,,,,,,E,E,,,,,E,,,,,,,,,M,,,,,,,,,,,,,,,,,,,,,,,,,,,,,,,,,,,,
SHEEP,02-MAY-24 00.00.00,,,,,,,M,,,,,,,,E,E,,,,,E,,,,,,,,,M,,,,,,,,,,,,,,,,,,,,,,,,,,,,,,,,,,,,
SHEEP,03-MAY-24 00.00.00,,,,,,,M,,,,,,,,E,E,,,,,E,,,,,,,,,M,,,,,,,,,,,,,,,,,,,,,,,,,,,,,,,,,,,,
SHEEP,04-MAY-24 00.00.00,,,,,,,M,,,,,,,,E,E,,,,,E,,,,,,,,,M,,,,,,,,,,,,,,,,,,,,,,,,,,,,,,,,,,,,
SHEEP,05-MAY-24 00.00.00,,,,,,,M,,,,,,,,E,E,,,,,E,,,,,,,,,M,,,,,,,,,,,,,,,,,,,,,,,,,,,,,,,,,,,,
SHEEP,06-MAY-24 00.00.00,,,,,,,M,,,,,,,,E,E,,,,,E,,,,,,,,,M,,,,,,,,,,,,,,,,,,,,,,,,,,,,,,,,,,,,
SHEEP,07-MAY-24 00.00.00,,,,,,,M,,,,,,,,E,E,,,,,E,,,,,,,,,M,,,,,,,,,,,,,,,,,,,,,,,,,,,,,,,,,,,,
SHEEP,08-MAY-24 00.00.00,,,,,,,M,,,,,,,,E,E,,,,,E,,,,,,,,,M,,,,,,,,,,,,,,,,,,,,,,,,,,,,,,,,,,,,
SHEEP,09-MAY-24 00.00.00,,,,,,,M,,,,,,,,E,E,,,,,E,,,,,,,,,M,,,,,,,,,,,,,,,,,,,,,,,,,,,,,,,,,,,,
SHEEP,10-MAY-24 00.00.00,,,,,,,M,,,,,,,,E,E,,,,,E,,,,,,,,,M,,,,,,,,,,,,,,,,,,,,,,,,,,,,,,,,,,,,
SHEEP,11-MAY-24 00.00.00,,,,,,,M,,,,,,,,E,E,,,,,E,,,,,,,,,M,,,,,,,,,,,,,,,,,,,,,,,,,,,,,,,,,,,,
SHEEP,12-MAY-24 00.00.00,,,,,,,M,,,,,,,,E,E,,,,,E,,,,,,,,,M,,,,,,,,,,,,,,,,,,,,,,,,,,,,,,,,,,,,
SHEEP,13-MAY-24 00.00.00,,,,,,,M,,,,,,,,E,E,,,,,E,,,,,,,,,M,,,,,,,,,,,,,,,,,,,,,,,,,,,,,,,,,,,,
SHEEP,14-MAY-24 00.00.00,,,,,,,M,,,,,,,,E,E,,,,,E,,,,,,,,,M,,,,,,,,,,,,,,,,,,,,,,,,,,,,,,,,,,,,
SHEEP,15-MAY-24 00.00.00,,,,,,,M,,,,,,,,E,E,,,,,E,,,,,,,,,M,,,,,,,,,,,,,,,,,,,,,,,,,,,,,,,,,,,,
SHEEP,16-MAY-24 00.00.00,,,,,,,M,,,,,,,,E,E,,,,,E,,,,,,,,,M,,,,,,,,,,,,,,,,,,,,,,,,,,,,,,,,,,,,
SHEEP,17-MAY-24 00.00.00,,,,,,,M,,,,,,,,E,E,,,,,E,,,,,,,,,M,,,,,,,,,,,,,,,,,,,,,,,,,,,,,,,,,,,,
SHEEP,18-MAY-24 00.00.00,,,,,,,M,,,,,,,,E,E,,,,,E,,,,,,,,,M,,,,,,,,,,,,,,,,,,,,,,,,,,,,,,,,,,,,
SHEEP,19-MAY-24 00.00.00,,,,,,,M,,,,,,,,E,E,,,,,E,,,,,,,,,M,,,,,,,,,,,,,,,,,,,,,,,,,,,,,,,,,,,,
SHEEP,20-MAY-24 00.00.00,,,,,,,M,,,,,,,,E,E,,,,,E,,,,,,,,,M,,,,,,,,,,,,,,,,,,,,,,,,,,,,,,,,,,,,
SHEEP,21-MAY-24 00.00.00,,,,,,,M,,,,,,,,E,E,,,,,E,,,,,,,,,M,,,,,,,,,,,,,,,,,,,,,,,,,,,,,,,,,,,,
SHEEP,22-MAY-24 00.00.00,,,,,,,M,,,,,,,,E,E,,,,,E,,,,,,,,,M,,,,,,,,,,,,,,,,,,,,,,,,,,,,,,,,,,,,
SHEEP,23-MAY-24 00.00.00,,,,,,,M,,,,,,,,E,E,,,,,E,,,,,,,,,M,,,,,,,,,,,,,,,,,,,,,,,,,,,,,,,,,,,,
SHEEP,24-MAY-24 00.00.00,,,,,,,M,,,,,,,,E,E,,,,,E,,,,,,,,,M,,,,,,,,,,,,,,,,,,,,,,,,,,,,,,,,,,,,
SHEEP,25-MAY-24 00.00.00,,,,,,,M,,,,,,,,E,E,,,,,E,,,,,,,,,M,,,,,,,,,,,,,,,,,,,,,,,,,,,,,,,,,,,,
SHEEP,26-MAY-24 00.00.00,,,,,,,M,,,,,,,,E,E,,,,,E,,,,,,,,,M,,,,,,,,,,,,,,,,,,,,,,,,,,,,,,,,,,,,
SHEEP,27-MAY-24 00.00.00,,,,,,,M,,,,,,,,E,E,,,,,E,,,,,,,,,M,,,,,,,,,,,,,,,,,,,,,,,,,,,,,,,,,,,,
SHEEP,28-MAY-24 00.00.00,,,,,,,M,,,,,,,,E,E,,,,,E,,,,,,,,,M,,,,,,,,,,,,,,,,,,,,,,,,,,,,,,,,,,,,
SHEEP,29-MAY-24 00.00.00,,,,,,,M,,,,,,,,E,E,,,,,E,,,,,,,,,M,,,,,,,,,,,,,,,,,,,,,,,,,,,,,,,,,,,,
SHEEP,30-MAY-24 00.00.00,,,,,,,M,,,,,,,,E,E,,,,,E,,,,,,,,,M,,,,,,,,,,,,,,,,,,,,,,,,,,,,,,,,,,,,
SHEEP,31-MAY-24 00.00.00,,,,,,,M,,,,,,,,E,E,,,,,E,,,,,,,,,M,,,,,,,,,,,,,,,,,,,,,,,,,,,,,,,,,,,,
SHEEP,01-JUN-24 00.00.00,,,,,,,M,,,,,,,,E,E,,,,,E,,,,,,,,,M,,,,,,,,,,,,,,,,,,,,,,,,,,,,,,,,,,,,
SHEEP,02-JUN-24 00.00.00,,,,,,,M,,,,,,,,E,E,,,,,E,,,,,,,,,M,,,,,,,,,,,,,,,,,,,,,,,,,,,,,,,,,,,,
SHEEP,03-JUN-24 00.00.00,,,,,,,M,,,,,,,,E,E,,,,,E,,,,,,,,,M,,,,,,,,,,,,,,,,,,,,,,,,,,,,,,,,,,,,
SHEEP,04-JUN-24 00.00.00,,,,,,,M,,,,,,,,E,E,,,,,E,,,,,,,,,M,,,,,,,,,,,,,,,,,,,,,,,,,,,,,,,,,,,,
SHEEP,05-JUN-24 00.00.00,,,,,,,M,,,,,,,,E,E,,,,,E,,,,,,,,,M,,,,,,,,,,,,,,,,,,,,,,,,,,,,,,,,,,,,
SHEEP,06-JUN-24 00.00.00,,,,,,,M,,,,,,,,E,E,,,,,E,,,,,,,,,M,,,,,,,,,,,,,,,,,,,,,,,,,,,,,,,,,,,,
SHEEP,07-JUN-24 00.00.00,,,,,,,M,,,,,,,,E,E,,,,,E,,,,,,,,,M,,,,,,,,,,,,,,,,,,,,,,,,,,,,,,,,,,,,
SHEEP,08-JUN-24 00.00.00,,,,,,,M,,,,,,,,E,E,,,,,E,,,,,,,,,M,,,,,,,,,,,,,,,,,,,,,,,,,,,,,,,,,,,,
SHEEP,09-JUN-24 00.00.00,,,,,,,M,,,,,,,,E,E,,,,,E,,,,,,,,,M,,,,,,,,,,,,,,,,,,,,,,,,,,,,,,,,,,,,
SHEEP,10-JUN-24 00.00.00,,,,,,,M,,,,,,,,E,E,,,,,E,,,,,,,,,M,,,,,,,,,,,,,,,,,,,,,,,,,,,,,,,,,,,,
SHEEP,11-JUN-24 00.00.00,,,,,,,M,,,,,,,,E,E,,,,,E,,,,,,,,,M,,,,,,,,,,,,,,,,,,,,,,,,,,,,,,,,,,,,
SHEEP,12-JUN-24 00.00.00,,,,,,,M,,,,,,,,E,E,,,,,E,,,,,,,,,M,,,,,,,,,,,,,,,,,,,,,,,,,,,,,,,,,,,,
SHEEP,13-JUN-24 00.00.00,,,,,,,M,,,,,,,,E,E,,,,,E,,,,,,,,,M,,,,,,,,,,,,,,,,,,,,,,,,,,,,,,,,,,,,
SHEEP,14-JUN-24 00.00.00,,,,,,,M,,,,,,,,E,E,,,,,E,,,,,,,,,M,,,,,,,,,,,,,,,,,,,,,,,,,,,,,,,,,,,,
SHEEP,15-JUN-24 00.00.00,,,,,,,M,,,,,,,,E,E,,,,,E,,,,,,,,,M,,,,,,,,,,,,,,,,,,,,,,,,,,,,,,,,,,,,
SHEEP,16-JUN-24 00.00.00,,,,,,,M,,,,,,,,E,E,,,,,E,,,,,,,,,M,,,,,,,,,,,,,,,,,,,,,,,,,,,,,,,,,,,,
SHEEP,17-JUN-24 00.00.00,,,,,,,M,,,,,,,,E,E,,,,,E,,,,,,,,,M,,,,,,,,,,,,,,,,,,,,,,,,,,,,,,,,,,,,
SHEEP,18-JUN-24 00.00.00,,,,,,,M,,,,,,,,E,E,,,,,E,,,,,,,,,M,,,,,,,,,,,,,,,,,,,,,,,,,,,,,,,,,,,,
SHEEP,19-JUN-24 00.00.00,,,,,,,M,,,,,,,,E,E,,,,,E,,,,,,,,,M,,,,,,,,,,,,,,,,,,,,,,,,,,,,,,,,,,,,
SHEEP,20-JUN-24 00.00.00,,,,,,,M,,,,,,,,E,E,,,,,E,,,,,,,,,M,,,,,,,,,,,,,,,,,,,,,,,,,,,,,,,,,,,,
SHEEP,21-JUN-24 00.00.00,,,,,,,M,,,,,,,,E,E,,,,,E,,,,,,,,,M,,,,,,,,,,,,,,,,,,,,,,,,,,,,,,,,,,,,
SHEEP,22-JUN-24 00.00.00,,,,,,,M,,,,,,,,E,E,,,,,E,,,,,,,,,M,,,,,,,,,,,,,,,,,,,,,,,,,,,,,,,,,,,,
SHEEP,23-JUN-24 00.00.00,,,,,,,M,,,,,,,,E,E,,,,,E,,,,,,,,,M,,,,,,,,,,,,,,,,,,,,,,,,,,,,,,,,,,,,
SHEEP,24-JUN-24 00.00.00,,,,,,,M,,,,,,,,E,E,,,,,E,,,,,,,,,M,,,,,,,,,,,,,,,,,,,,,,,,,,,,,,,,,,,,
SHEEP,25-JUN-24 00.00.00,,,,,,,M,,,,,,,,E,E,,,,,E,,,,,,,,,M,,,,,,,,,,,,,,,,,,,,,,,,,,,,,,,,,,,,
SHEEP,26-JUN-24 00.00.00,,,,,,,M,,,,,,,,E,E,,,,,E,,,,,,,,,M,,,,,,,,,,,,,,,,,,,,,,,,,,,,,,,,,,,,
SHEEP,27-JUN-24 00.00.00,,,,,,,M,,,,,,,,E,E,,,,,E,,,,,,,,,M,,,,,,,,,,,,,,,,,,,,,,,,,,,,,,,,,,,,
SHEEP,28-JUN-24 00.00.00,,,,,,,M,,,,,,,,E,E,,,,,E,,,,,,,,,M,,,,,,,,,,,,,,,,,,,,,,,,,,,,,,,,,,,,
SHEEP,29-JUN-24 00.00.00,,,,,,,M,,,,,,,,E,E,,,,,E,,,,,,,,,M,,,,,,,,,,,,,,,,,,,,,,,,,,,,,,,,,,,,
SHEEP,30-JUN-24 00.00.00,,,,,,,M,,,,,,,,E,E,,,,,E,,,,,,,,,M,,,,,,,,,,,,,,,,,,,,,,,,,,,,,,,,,,,,
