TIMESERIES_ID,TIMESERIES_NAME,INTERVAL_ID,PARAMETER_ID,STATISTIC_ID,UNIT_ID,TABLE_NAME,COLUMN_NAME,TIMESERIES_DP
P_HEATING_STATUS_RAW,Status of orifice rim heating element,1_MIN,PRECIPITATION,INST,MM,LEVEL1_PRECIP_1MIN,P_HEATING_STATUS,8.0
P_INTENSITY_RT_RAW,Rainfall intensity (Real-time),1_MIN,PRECIPITATION,TOTAL_PREC,MM,LEVEL1_PRECIP_1MIN,P_INTENSITY_RT,8.0
P_LOADCELL_TEMP_RAW,Internal temperature of load cell,1_MIN,PRECIPITATION,INST,MM,LEVEL1_PRECIP_1MIN,P_LOADCELL_TEMP,8.0
P_STATUS_RAW,Status of rain gauge,1_MIN,PRECIPITATION,INST,MM,LEVEL1_PRECIP_1MIN,P_STATUS,8.0
PA_LEVEL2,"Atmospheric pressure (mean, 30 min)",30_MIN,PA,MEAN_PREC,HPA,LEVEL2_DATA_30MIN,PA,8.0
PA_RAW,"Atmospheric pressure (mean, 30 min, raw)",30_MIN,PA,MEAN_PREC,HPA,LEVEL1_SOILMET_30MIN,PA,8.0
PA_STD_RAW,"Atmospheric pressure (std dev, 30 min, raw)",30_MIN,PA,STDDEV_PREC,HPA,LEVEL1_SOILMET_30MIN,PA_STD,8.0
PRECIP_DIAG,Precipitation diagnostic flag,30_MIN,PRECIP_DIAG,INST,UNITLESS,LEVEL1_SOILMET_30MIN,PRECIP_DIAG,8.0
P_ACCUMULATED_RT_NRT_RAW,1 minute precipitation data,1_MIN,PRECIPITATION,TOTAL_PREC,MM,LEVEL1_PRECIP_1MIN,P_ACCUMULATED_RT_NRT,8.0
PRECIPITATION_LEVEL2,"Precipitation (total, 30 min)",30_MIN,PRECIPITATION,TOTAL_PREC,MM,LEVEL2_DATA_30MIN,PRECIP,8.0
PRECIPITATION_RAW,"Precipitation (30 min, raw)",30_MIN,PRECIPITATION,TOTAL_PREC,MM,LEVEL1_SOILMET_30MIN,PRECIP,8.0
PRECIPITATION_TIPPING_LEVEL2,Precipitation tipping bucket raingauge,30_MIN,PRECIPITATION_TIPPING,TOTAL_PREC,MM,LEVEL2_DATA_30MIN,PRECIP_TIPPING,8.0
PROFILE_SOILEC15_LEVEL2,Soil electrical conductivity (nominal depth 15 cm),30_MIN,COND,INST,PCT,LEVEL2_DATA_30MIN,PROFILE_SOILEC15,8.0
PROFILE_SOILEC15_RAW,Soil electrical conductivity (nominal depth 15 cm) (raw),30_MIN,COND,INST,PCT,LEVEL1_SOILMET_30MIN,PROFILE_SOILEC15,8.0
PROFILE_SOILEC40_LEVEL2,Soil electrical conductivity (nominal depth 40 cm),30_MIN,COND,INST,PCT,LEVEL2_DATA_30MIN,PROFILE_SOILEC40,8.0
PROFILE_SOILEC40_RAW,Soil electrical conductivity (nominal depth 40 cm) (raw),30_MIN,COND,INST,PCT,LEVEL1_SOILMET_30MIN,PROFILE_SOILEC40,8.0
PROFILE_SOILEC65_LEVEL2,Soil electrical conductivity (nominal depth 65 cm),30_MIN,COND,INST,PCT,LEVEL2_DATA_30MIN,PROFILE_SOILEC65,8.0
PROFILE_SOILEC65_RAW,Soil electrical conductivity (nominal depth 65 cm) (raw),30_MIN,COND,INST,PCT,LEVEL1_SOILMET_30MIN,PROFILE_SOILEC65,8.0
PROFILE_VWC15_LEVEL2,Soil moisture content (nominal depth 15 cm),30_MIN,VWC,INST,PCT,LEVEL2_DATA_30MIN,PROFILE_VWC15,8.0
PROFILE_VWC15_RAW,Soil moisture content (nominal depth 15 cm) (raw),30_MIN,VWC,INST,PCT,LEVEL1_SOILMET_30MIN,PROFILE_VWC15,8.0
PROFILE_VWC40_LEVEL2,Soil moisture content (nominal depth 40 cm),30_MIN,VWC,INST,PCT,LEVEL2_DATA_30MIN,PROFILE_VWC40,8.0
PROFILE_VWC40_RAW,Soil moisture content (nominal depth 40 cm) (raw),30_MIN,VWC,INST,PCT,LEVEL1_SOILMET_30MIN,PROFILE_VWC40,8.0
PROFILE_VWC65_LEVEL2,Soil moisture content (nominal depth 65 cm),30_MIN,VWC,INST,PCT,LEVEL2_DATA_30MIN,PROFILE_VWC65,8.0
PROFILE_VWC65_RAW,Soil moisture content (nominal depth 65 cm) (raw),30_MIN,VWC,INST,PCT,LEVEL1_SOILMET_30MIN,PROFILE_VWC65,8.0
Q_LEVEL2,"Absolute humidity (mean, 30 min)",30_MIN,Q,MEAN_PREC,GM-3,LEVEL2_DATA_30MIN,Q,8.0
Q_RAW,"Absolute humidity (mean, 30 min, raw)",30_MIN,Q,MEAN_PREC,GM-3,LEVEL1_SOILMET_30MIN,Q,8.0
Q_STD_RAW,"Absolute humidity (std dev, 30 min, raw)",30_MIN,Q,STDDEV_PREC,GM-3,LEVEL1_SOILMET_30MIN,Q_STD,8.0
RH_LEVEL2,"Relative humidity (mean, 30 min)",30_MIN,RH,MEAN_PREC,PCT,LEVEL2_DATA_30MIN,RH,8.0
RH_RAW,"Relative humidity (mean, 30 min, raw)",30_MIN,RH,MEAN_PREC,PCT,LEVEL1_SOILMET_30MIN,RH,8.0
RH_STD_RAW,"Relative humidity (std dev, 30 min, raw)",30_MIN,RH,STDDEV_PREC,PCT,LEVEL1_SOILMET_30MIN,RH_STD,8.0
RHO_A_MEAN_LEVEL2,Air density,30_MIN,AIR_DENSITY,INST,KGM-3,LEVEL2_DATA_30MIN,RHO_A_MEAN,8.0
RHO_A_MEAN_RAW,Air density (Raw),30_MIN,AIR_DENSITY,INST,KGM-3,LEVEL1_SOILMET_30MIN,RHO_A_MEAN,8.0
SCANS,Number of readings within interval,30_MIN,SCANS,TOTAL_PREC,UNITLESS,LEVEL1_SOILMET_30MIN,SCANS,0.0
SNOWD_DISTANCE_COR_LEVEL2,Snow distance corrected,30_MIN,SNOWD_DISTANCE_COR,INST,M,LEVEL2_DATA_30MIN,SNOWD_DISTANCE_COR,8.0
SNOWD_DISTANCE_COR_RAW,Snow distance corrected (raw),30_MIN,SNOWD_DISTANCE_COR,INST,M,LEVEL1_SOILMET_30MIN,SNOWD_DISTANCE_COR,8.0
SNOWD_DISTANCE_UNC_LEVEL2,"Distance between sensor and snow surface (uncorrected) (mean, 30 min)",30_MIN,SNOWD_DISTANCE_UNC,INST,M,LEVEL2_DATA_30MIN,SNOWD_DISTANCE_UNC,8.0
SNOWD_DISTANCE_UNC_RAW,"Distance between sensor and snow surface (uncorrected) (mean, 30 min, raw)",30_MIN,SNOWD_DISTANCE_UNC,INST,M,LEVEL1_SOILMET_30MIN,SNOWD_DISTANCE_UNC,8.0
SNOWD_SIGNALQUALITY_STD_RAW,"Quality number (std dev, 30 min, raw)",30_MIN,SNOWD_SIGNALQUALITY,STDDEV_PREC,UNITLESS,LEVEL1_SOILMET_30MIN,SNOWD_SIGNALQUALITY,8.0
STDEV_TS_RAW,Standard deviation of Sonic temperature (raw),30_MIN,TEMP,STDDEV_PREC,MS-1,LEVEL1_SOILMET_30MIN,STDEV_TS,8.0
STDEV_UX_RAW,Standard deviation of UX wind speed component (raw),30_MIN,WS,STDDEV_PREC,MS-1,LEVEL1_SOILMET_30MIN,STDEV_UX,8.0
STDEV_UY_RAW,Standard deviation of UY wind speed component (raw),30_MIN,WS,STDDEV_PREC,MS-1,LEVEL1_SOILMET_30MIN,STDEV_UY,8.0
STDEV_UZ_RAW,Standard deviation of UZ wind speed component (raw),30_MIN,WS,STDDEV_PREC,MS-1,LEVEL1_SOILMET_30MIN,STDEV_UZ,8.0
STP_TSOIL10_LEVEL2,Soil temperature profile (10 cm depth),30_MIN,TSOIL,MEAN_PREC,DEGC,LEVEL2_DATA_30MIN,STP_TSOIL10,8.0
STP_TSOIL10_RAW,Soil temperature profile (10 cm depth) (raw),30_MIN,TSOIL,MEAN_PREC,DEGC,LEVEL1_SOILMET_30MIN,STP_TSOIL10,8.0
STP_TSOIL2_LEVEL2,Soil temperature profile (2 cm depth),30_MIN,TSOIL,MEAN_PREC,DEGC,LEVEL2_DATA_30MIN,STP_TSOIL2,8.0
STP_TSOIL2_RAW,Soil temperature profile (2 cm depth) (raw),30_MIN,TSOIL,MEAN_PREC,DEGC,LEVEL1_SOILMET_30MIN,STP_TSOIL2,8.0
STP_TSOIL20_LEVEL2,Soil temperature profile (20 cm depth),30_MIN,TSOIL,MEAN_PREC,DEGC,LEVEL2_DATA_30MIN,STP_TSOIL20,8.0
STP_TSOIL20_RAW,Soil temperature profile (20 cm depth) (raw),30_MIN,TSOIL,MEAN_PREC,DEGC,LEVEL1_SOILMET_30MIN,STP_TSOIL20,8.0
STP_TSOIL5_LEVEL2,Soil temperature profile (5 cm depth),30_MIN,TSOIL,MEAN_PREC,DEGC,LEVEL2_DATA_30MIN,STP_TSOIL5,8.0
STP_TSOIL5_RAW,Soil temperature profile (5 cm depth) (raw),30_MIN,TSOIL,MEAN_PREC,DEGC,LEVEL1_SOILMET_30MIN,STP_TSOIL5,8.0
STP_TSOIL50_LEVEL2,Soil temperature profile (50 cm depth),30_MIN,TSOIL,MEAN_PREC,DEGC,LEVEL2_DATA_30MIN,STP_TSOIL50,8.0
STP_TSOIL50_RAW,Soil temperature profile (50 cm depth) (raw),30_MIN,TSOIL,MEAN_PREC,DEGC,LEVEL1_SOILMET_30MIN,STP_TSOIL50,8.0
SWIN_LEVEL2,"Incoming shortwave radiation (mean, 30 min)",30_MIN,SWIN,MEAN_PREC,WM-2,LEVEL2_DATA_30MIN,SWIN,8.0
SWIN_RAW,"Incoming shortwave radiation (mean, 30 min, raw)",30_MIN,SWIN,MEAN_PREC,WM-2,LEVEL1_SOILMET_30MIN,SWIN,8.0
SWIN_STD_RAW,"Incoming shortwave radiation (std dev, 30 min, raw)",30_MIN,SWIN,STDDEV_PREC,WM-2,LEVEL1_SOILMET_30MIN,SWIN_STD,8.0
SWOUT_LEVEL2,"Outgoing shortwave radiation (mean, 30 min)",30_MIN,SWOUT,MEAN_PREC,WM-2,LEVEL2_DATA_30MIN,SWOUT,8.0
SWOUT_RAW,"Outgoing shortwave radiation (mean, 30 min, raw)",30_MIN,SWOUT,MEAN_PREC,WM-2,LEVEL1_SOILMET_30MIN,SWOUT,8.0
SWOUT_STD_RAW,"Outgoing shortwave radiation (std dev, 30 min, raw)",30_MIN,SWOUT,STDDEV_PREC,WM-2,LEVEL1_SOILMET_30MIN,SWOUT_STD,8.0
TA_LEVEL2,"Air temperature (mean, 30 min)",30_MIN,TA,MEAN_PREC,DEGC,LEVEL2_DATA_30MIN,TA,8.0
TA_RAW,"Air temperature (mean, 30 min, raw)",30_MIN,TA,MEAN_PREC,DEGC,LEVEL1_SOILMET_30MIN,TA,8.0
TA_STD_RAW,"Air temperature (std dev, 30 min, raw)",30_MIN,TA,STDDEV_PREC,DEGC,LEVEL1_SOILMET_30MIN,TA_STD,8.0
TAU_LEVEL2,Momentum flux,30_MIN,MOM_FLUX,INST,KGM-1S-2,LEVEL2_DATA_30MIN,TAU,8.0
TAU_RAW,Momentum flux (Raw),30_MIN,MOM_FLUX,INST,KGM-1S-2,LEVEL1_SOILMET_30MIN,TAU,8.0
TDT1_SOILEC_LEVEL2,Soil electrical conductivity 1,30_MIN,COND,INST,PCT,LEVEL2_DATA_30MIN,TDT1_SOILEC,8.0
TDT1_SOILEC_RAW,Soil electrical conductivity 1 (raw),30_MIN,COND,INST,PCT,LEVEL1_SOILMET_30MIN,TDT1_SOILEC,8.0
TDT1_SOILPERM_LEVEL2,Soil bulk relative permittivity 1,30_MIN,PERM,INST,UNITLESS,LEVEL2_DATA_30MIN,TDT1_SOILPERM,8.0
TDT1_SOILPERM_RAW,Soil bulk relative permittivity 1 (raw),30_MIN,PERM,INST,UNITLESS,LEVEL1_SOILMET_30MIN,TDT1_SOILPERM,8.0
TDT1_TSOIL_LEVEL2,Soil temperature 1,30_MIN,TSOIL,INST,DEGC,LEVEL2_DATA_30MIN,TDT1_TSOIL,8.0
TDT1_TSOIL_RAW,Soil temperature 1 (raw),30_MIN,TEMP,INST,DEGC,LEVEL1_SOILMET_30MIN,TDT1_TSOIL,8.0
TDT1_VWC_LEVEL2,Soil moisture content (nominal depth 10cm),30_MIN,VWC,INST,PCT,LEVEL2_DATA_30MIN,TDT1_VWC,8.0
TDT1_VWC_RAW,Soil moisture content 1 (raw),30_MIN,VWC,INST,PCT,LEVEL1_SOILMET_30MIN,TDT1_VWC,8.0
TDT10_SOILEC_LEVEL2,Soil electrical conductivity 10 ,30_MIN,COND,INST,PCT,LEVEL2_DATA_30MIN,TDT10_SOILEC,8.0
TDT10_SOILEC_RAW,Soil electrical conductivity 10 (raw),30_MIN,COND,INST,PCT,LEVEL1_SOILMET_30MIN,TDT10_SOILEC,8.0
TDT10_SOILPERM_LEVEL2,Soil bulk relative permittivity 10 ,30_MIN,PERM,INST,UNITLESS,LEVEL2_DATA_30MIN,TDT10_SOILPERM,8.0
TDT10_SOILPERM_RAW,Soil bulk relative permittivity 10 (raw),30_MIN,PERM,INST,UNITLESS,LEVEL1_SOILMET_30MIN,TDT10_SOILPERM,8.0
TDT10_TSOIL_LEVEL2,Soil temperature 10 ,30_MIN,TSOIL,INST,DEGC,LEVEL2_DATA_30MIN,TDT10_TSOIL,8.0
TDT10_TSOIL_RAW,Soil temperature 10 (raw),30_MIN,TSOIL,INST,DEGC,LEVEL1_SOILMET_30MIN,TDT10_TSOIL,8.0
TDT10_VWC_LEVEL2,Soil moisture content (nominal depth 50cm),30_MIN,VWC,INST,PCT,LEVEL2_DATA_30MIN,TDT10_VWC,8.0
TDT10_VWC_RAW,Soil moisture content 10 (raw),30_MIN,VWC,INST,PCT,LEVEL1_SOILMET_30MIN,TDT10_VWC,8.0
TDT2_SOILEC_LEVEL2,Soil electrical conductivity 2,30_MIN,COND,INST,PCT,LEVEL2_DATA_30MIN,TDT2_SOILEC,8.0
TDT2_SOILEC_RAW,Soil electrical conductivity 2 (raw),30_MIN,COND,INST,PCT,LEVEL1_SOILMET_30MIN,TDT2_SOILEC,8.0
TDT2_SOILPERM_LEVEL2,Soil bulk relative permittivity 2 ,30_MIN,PERM,INST,UNITLESS,LEVEL2_DATA_30MIN,TDT2_SOILPERM,8.0
TDT2_SOILPERM_RAW,Soil bulk relative permittivity 2 (raw),30_MIN,PERM,INST,UNITLESS,LEVEL1_SOILMET_30MIN,TDT2_SOILPERM,8.0
TDT2_TSOIL_LEVEL2,Soil temperature 2,30_MIN,TSOIL,INST,DEGC,LEVEL2_DATA_30MIN,TDT2_TSOIL,8.0
TDT2_TSOIL_RAW,Soil temperature 2 (raw),30_MIN,TEMP,INST,DEGC,LEVEL1_SOILMET_30MIN,TDT2_TSOIL,8.0
TDT2_VWC_LEVEL2,Soil moisture content (nominal depth 10cm),30_MIN,VWC,INST,PCT,LEVEL2_DATA_30MIN,TDT2_VWC,8.0
TDT2_VWC_RAW,Soil moisture content 2 (raw),30_MIN,VWC,INST,PCT,LEVEL1_SOILMET_30MIN,TDT2_VWC,8.0
TDT3_SOILEC_LEVEL2,Soil electrical conductivity 3 ,30_MIN,COND,INST,DEGC,LEVEL2_DATA_30MIN,TDT3_SOILEC,8.0
TDT3_SOILEC_RAW,Soil electrical conductivity 3 (raw),30_MIN,COND,INST,PCT,LEVEL1_SOILMET_30MIN,TDT3_SOILEC,8.0
TDT3_SOILPERM_LEVEL2,Soil  bulk relative permittivity 3 ,30_MIN,PERM,INST,UNITLESS,LEVEL2_DATA_30MIN,TDT3_SOILPERM,8.0
TDT3_SOILPERM_RAW,Soil  bulk relative permittivity 3 (raw),30_MIN,PERM,INST,UNITLESS,LEVEL1_SOILMET_30MIN,TDT3_SOILPERM,8.0
TDT3_TSOIL_LEVEL2,Soil temperature 3,30_MIN,TSOIL,INST,DEGC,LEVEL2_DATA_30MIN,TDT3_TSOIL,8.0
TDT3_TSOIL_RAW,Soil temperature 3 (raw),30_MIN,TSOIL,INST,DEGC,LEVEL1_SOILMET_30MIN,TDT3_TSOIL,8.0
TDT3_VWC_LEVEL2,Soil moisture content (nominal depth 5cm),30_MIN,VWC,INST,PCT,LEVEL2_DATA_30MIN,TDT3_VWC,8.0
TDT3_VWC_RAW,Soil moisture content 3 (raw),30_MIN,VWC,INST,PCT,LEVEL1_SOILMET_30MIN,TDT3_VWC,8.0
TDT4_SOILEC_LEVEL2,Soil electrical conductivity 4,30_MIN,COND,INST,PCT,LEVEL2_DATA_30MIN,TDT4_SOILEC,8.0
Q_LEVEL2_MEAN,Mean absolute humidity (1 day),1_DAY,Q,MEAN_PREC,GM-3,LEVEL2_DATA_1DAY,Q,8.0
TA_LEVEL2_MEAN,Mean air temperature (1 day),1_DAY,TA,MEAN_PREC,DEGC,LEVEL2_DATA_1DAY,TA,8.0
PA_LEVEL2_MEAN,Mean atmospheric pressure (1 day),1_DAY,PA,MEAN_PREC,HPA,LEVEL2_DATA_1DAY,PA,8.0
G1_LEVEL2_MEAN,Mean heat flux plate 1 (1 day),1_DAY,HEATFLUX,MEAN_PREC,WM-2,LEVEL2_DATA_1DAY,G1,8.0
G2_LEVEL2_MEAN,Mean heat flux plate 2 (1 day),1_DAY,HEATFLUX,MEAN_PREC,WM-2,LEVEL2_DATA_1DAY,G2,8.0
RN_LEVEL2_TOTAL,Total net radiation (1 day),1_DAY,RN,TOTAL_PREC,MJM-2-D,LEVEL2_DATA_1DAY,RN,8.0
RH_LEVEL2_MEAN,Mean relative humidity (1 day),1_DAY,RH,MEAN_PREC,PCT,LEVEL2_DATA_1DAY,RH,8.0
SNOWD_DISTANCE_COR_MEAN,Mean snow depth (1 day),1_DAY,SNOWD,MEAN_PREC,M,LEVEL2_DATA_1DAY,SNOWD_DISTANCE_COR,8.0
STP_TSOIL10_LEVEL2_MEAN,Mean soil temp 10cm (1 day),1_DAY,TSOIL,MEAN_PREC,DEGC,LEVEL2_DATA_1DAY,STP_TSOIL10,8.0
STP_TSOIL2_LEVEL2_MEAN,Mean soil temp 20cm (1 day),1_DAY,TSOIL,MEAN_PREC,DEGC,LEVEL2_DATA_1DAY,STP_TSOIL2,8.0
STP_TSOIL5_LEVEL2_MEAN,Mean soil temp 2cm (1 day),1_DAY,TSOIL,MEAN_PREC,DEGC,LEVEL2_DATA_1DAY,STP_TSOIL5,8.0
STP_TSOIL20_LEVEL2_MEAN,Mean soil temp 50cm (1 day),1_DAY,TSOIL,MEAN_PREC,DEGC,LEVEL2_DATA_1DAY,STP_TSOIL20,8.0
STP_TSOIL50_LEVEL2_MEAN,Mean soil temp 5cm (1 day),1_DAY,TSOIL,MEAN_PREC,DEGC,LEVEL2_DATA_1DAY,STP_TSOIL50,8.0
TDT10_TSOIL_LEVEL2_MEAN,Mean TDT 10 soil temperature (1 day),1_DAY,TSOIL,MEAN_PREC,DEGC,LEVEL2_DATA_1DAY,TDT10_TSOIL,8.0
TDT10_VWC_LEVEL2_MEAN,Mean TDT 10 soil VWC (1 day),1_DAY,VWC,MEAN_PREC,PCT,LEVEL2_DATA_1DAY,TDT10_VWC,8.0
TDT1_TSOIL_LEVEL2_MEAN,Mean TDT 1 soil temperature (1 day),1_DAY,TSOIL,MEAN_PREC,DEGC,LEVEL2_DATA_1DAY,TDT1_TSOIL,8.0
TDT1_VWC_LEVEL2_MEAN,Mean TDT 1 soil VWC (1 day),1_DAY,VWC,MEAN_PREC,PCT,LEVEL2_DATA_1DAY,TDT1_VWC,8.0
TDT2_TSOIL_LEVEL2_MEAN,Mean TDT 2 soil temperature (1 day),1_DAY,TSOIL,MEAN_PREC,DEGC,LEVEL2_DATA_1DAY,TDT2_TSOIL,8.0
TDT4_SOILEC_RAW,Soil electrical conductivity 4 (raw),30_MIN,COND,INST,PCT,LEVEL1_SOILMET_30MIN,TDT4_SOILEC,8.0
TDT4_SOILPERM_LEVEL2,Soil  bulk relative permittivity 4,30_MIN,PERM,INST,UNITLESS,LEVEL2_DATA_30MIN,TDT4_SOILPERM,8.0
TDT4_SOILPERM_RAW,Soil  bulk relative permittivity 4 (raw),30_MIN,PERM,INST,UNITLESS,LEVEL1_SOILMET_30MIN,TDT4_SOILPERM,8.0
TDT4_TSOIL_LEVEL2,Soil temperature 4,30_MIN,TSOIL,INST,DEGC,LEVEL2_DATA_30MIN,TDT4_TSOIL,8.0
TDT4_TSOIL_RAW,Soil temperature 4 (raw),30_MIN,TSOIL,INST,DEGC,LEVEL1_SOILMET_30MIN,TDT4_TSOIL,8.0
TDT4_VWC_LEVEL2,Soil moisture content (nominal depth 5cm),30_MIN,VWC,INST,PCT,LEVEL2_DATA_30MIN,TDT4_VWC,8.0
TDT4_VWC_RAW,Soil moisture content 4 (raw),30_MIN,VWC,INST,PCT,LEVEL1_SOILMET_30MIN,TDT4_VWC,8.0
TDT5_SOILEC_LEVEL2,Soil electrical conductivity 5,30_MIN,COND,INST,PCT,LEVEL2_DATA_30MIN,TDT5_SOILEC,8.0
TDT5_SOILEC_RAW,Soil electrical conductivity 5 (raw),30_MIN,COND,INST,PCT,LEVEL1_SOILMET_30MIN,TDT5_SOILEC,8.0
TDT5_SOILPERM_LEVEL2,Soil bulk relative permittivity 5,30_MIN,PERM,INST,UNITLESS,LEVEL2_DATA_30MIN,TDT5_SOILPERM,8.0
TDT5_SOILPERM_RAW,Soil bulk relative permittivity 5 (raw),30_MIN,PERM,INST,UNITLESS,LEVEL1_SOILMET_30MIN,TDT5_SOILPERM,8.0
TDT5_TSOIL_LEVEL2,Soil temperature 5,30_MIN,TSOIL,INST,DEGC,LEVEL2_DATA_30MIN,TDT5_TSOIL,8.0
TDT5_TSOIL_RAW,Soil temperature 5 (raw),30_MIN,TSOIL,INST,DEGC,LEVEL1_SOILMET_30MIN,TDT5_TSOIL,8.0
TDT5_VWC_LEVEL2,Soil moisture content (nominal depth 15cm),30_MIN,VWC,INST,PCT,LEVEL2_DATA_30MIN,TDT5_VWC,8.0
TDT5_VWC_RAW,Soil moisture content 5 (raw),30_MIN,VWC,INST,PCT,LEVEL1_SOILMET_30MIN,TDT5_VWC,8.0
TDT6_SOILEC_LEVEL2,Soil electrical conductivity 6,30_MIN,COND,INST,PCT,LEVEL2_DATA_30MIN,TDT6_SOILEC,8.0
TDT6_SOILEC_RAW,Soil electrical conductivity 6 (raw),30_MIN,COND,INST,PCT,LEVEL1_SOILMET_30MIN,TDT6_SOILEC,8.0
TDT6_SOILPERM_LEVEL2,Soil bulk relative permittivity 6,30_MIN,PERM,INST,UNITLESS,LEVEL2_DATA_30MIN,TDT6_SOILPERM,8.0
TDT6_SOILPERM_RAW,Soil bulk relative permittivity 6 (raw),30_MIN,PERM,INST,UNITLESS,LEVEL1_SOILMET_30MIN,TDT6_SOILPERM,8.0
TDT6_TSOIL_LEVEL2,Soil temperature 6,30_MIN,TSOIL,INST,DEGC,LEVEL2_DATA_30MIN,TDT6_TSOIL,8.0
TDT6_TSOIL_RAW,Soil temperature 6 (raw),30_MIN,TSOIL,INST,DEGC,LEVEL1_SOILMET_30MIN,TDT6_TSOIL,8.0
TDT6_VWC_LEVEL2,Soil moisture content (nominal depth 15cm),30_MIN,VWC,INST,PCT,LEVEL2_DATA_30MIN,TDT6_VWC,8.0
TDT6_VWC_RAW,Soil moisture content 6 (raw),30_MIN,VWC,INST,PCT,LEVEL1_SOILMET_30MIN,TDT6_VWC,8.0
TDT7_SOILEC_LEVEL2,Soil electrical conductivity 7,30_MIN,COND,INST,PCT,LEVEL2_DATA_30MIN,TDT7_SOILEC,8.0
TDT7_SOILEC_RAW,Soil electrical conductivity 7 (raw),30_MIN,COND,INST,PCT,LEVEL1_SOILMET_30MIN,TDT7_SOILEC,8.0
TDT7_SOILPERM_LEVEL2,Soil bulk relative permittivity 7,30_MIN,PERM,INST,UNITLESS,LEVEL2_DATA_30MIN,TDT7_SOILPERM,8.0
TDT7_SOILPERM_RAW,Soil bulk relative permittivity 7 (raw),30_MIN,PERM,INST,UNITLESS,LEVEL1_SOILMET_30MIN,TDT7_SOILPERM,8.0
TDT7_TSOIL_LEVEL2,Soil temperature 7,30_MIN,TSOIL,INST,DEGC,LEVEL2_DATA_30MIN,TDT7_TSOIL,8.0
TDT7_TSOIL_RAW,Soil temperature 7 (raw),30_MIN,TSOIL,INST,DEGC,LEVEL1_SOILMET_30MIN,TDT7_TSOIL,8.0
TDT7_VWC_LEVEL2,Soil moisture content (nominal depth 25cm),30_MIN,VWC,INST,PCT,LEVEL2_DATA_30MIN,TDT7_VWC,8.0
TDT7_VWC_RAW,Soil moisture content 7 (raw),30_MIN,VWC,INST,PCT,LEVEL1_SOILMET_30MIN,TDT7_VWC,8.0
TDT8_SOILEC_LEVEL2,Soil electrical conductivity 8,30_MIN,COND,INST,PCT,LEVEL2_DATA_30MIN,TDT8_SOILEC,8.0
TDT8_SOILEC_RAW,Soil electrical conductivity 8 (raw),30_MIN,COND,INST,PCT,LEVEL1_SOILMET_30MIN,TDT8_SOILEC,8.0
TDT8_SOILPERM_LEVEL2,Soil bulk relative permittivity 8,30_MIN,PERM,INST,UNITLESS,LEVEL2_DATA_30MIN,TDT8_SOILPERM,8.0
TDT8_SOILPERM_RAW,Soil bulk relative permittivity 8 (raw),30_MIN,PERM,INST,UNITLESS,LEVEL1_SOILMET_30MIN,TDT8_SOILPERM,8.0
TDT8_TSOIL_LEVEL2,Soil temperature 8,30_MIN,TSOIL,INST,DEGC,LEVEL2_DATA_30MIN,TDT8_TSOIL,8.0
TDT8_TSOIL_RAW,Soil temperature 8 (raw),30_MIN,TSOIL,INST,DEGC,LEVEL1_SOILMET_30MIN,TDT8_TSOIL,8.0
TDT8_VWC_LEVEL2,Soil moisture content (nominal depth 25cm),30_MIN,VWC,INST,PCT,LEVEL2_DATA_30MIN,TDT8_VWC,8.0
TDT8_VWC_RAW,Soil moisture content 8 (raw),30_MIN,VWC,INST,PCT,LEVEL1_SOILMET_30MIN,TDT8_VWC,8.0
TDT9_SOILEC_LEVEL2,Soil electrical conductivity 9,30_MIN,COND,INST,PCT,LEVEL2_DATA_30MIN,TDT9_SOILEC,8.0
TDT9_SOILEC_RAW,Soil electrical conductivity 9 (raw),30_MIN,COND,INST,PCT,LEVEL1_SOILMET_30MIN,TDT9_SOILEC,8.0
TDT9_SOILPERM_LEVEL2,Soil bulk relative permittivity 9,30_MIN,PERM,INST,UNITLESS,LEVEL2_DATA_30MIN,TDT9_SOILPERM,8.0
TDT9_SOILPERM_RAW,Soil bulk relative permittivity 9 (raw),30_MIN,PERM,INST,UNITLESS,LEVEL1_SOILMET_30MIN,TDT9_SOILPERM,8.0
TDT9_TSOIL_LEVEL2,Soil temperature 9,30_MIN,TSOIL,INST,DEGC,LEVEL2_DATA_30MIN,TDT9_TSOIL,8.0
TDT9_TSOIL_RAW,Soil temperature 9 (raw),30_MIN,TSOIL,INST,DEGC,LEVEL1_SOILMET_30MIN,TDT9_TSOIL,8.0
TDT9_VWC_LEVEL2,Soil moisture content (nominal depth 50cm),30_MIN,VWC,INST,PCT,LEVEL2_DATA_30MIN,TDT9_VWC,8.0
TDT9_VWC_RAW,Soil moisture content 9 (raw),30_MIN,VWC,INST,PCT,LEVEL1_SOILMET_30MIN,TDT9_VWC,8.0
TNR01C_LEVEL2,"Radiometer body temperature (mean, 30 min)",30_MIN,TNR01C,MEAN_PREC,DEGC,LEVEL2_DATA_30MIN,TNR01C,8.0
TNR01C_RAW,"Radiometer body temperature (mean, 30 min, raw)",30_MIN,TNR01C,MEAN_PREC,DEGC,LEVEL1_SOILMET_30MIN,TNR01C,8.0
TNR01C_STD_RAW,"Radiometer body temperature (std dev, 30 min, raw)",30_MIN,TNR01C,STDDEV_PREC,DEGC,LEVEL1_SOILMET_30MIN,TNR01C_STD,8.0
TS_LEVEL2,Sonic temperature,30_MIN,TEMP,INST,DEGC,LEVEL2_DATA_30MIN,TS,8.0
TS_RAW,Sonic temperature (raw),30_MIN,TEMP,INST,DEGC,LEVEL1_SOILMET_30MIN,TS,8.0
U_STAR_LEVEL2,Friction velocity,30_MIN,FRICTIONV,INST,MS-1,LEVEL2_DATA_30MIN,U_STAR,8.0
U_STAR_RAW,Friction velocity (Raw),30_MIN,FRICTIONV,INST,MS-1,LEVEL1_SOILMET_30MIN,U_STAR,8.0
UX_LEVEL2,X component of wind speed,30_MIN,WS,MEAN_PREC,MS-1,LEVEL2_DATA_30MIN,UX,8.0
UX_RAW,X component of wind speed (Raw),30_MIN,WS,MEAN_PREC,MS-1,LEVEL1_SOILMET_30MIN,UX,8.0
UY_LEVEL2,Y component of wind speed,30_MIN,WS,MEAN_PREC,MS-1,LEVEL2_DATA_30MIN,UY,8.0
UY_RAW,Y component of wind speed (Raw),30_MIN,WS,MEAN_PREC,MS-1,LEVEL1_SOILMET_30MIN,UY,8.0
UZ_LEVEL2,Z component of wind speed,30_MIN,WS,MEAN_PREC,MS-1,LEVEL2_DATA_30MIN,UZ,8.0
UZ_RAW,Z component of wind speed (Raw),30_MIN,WS,MEAN_PREC,MS-1,LEVEL1_SOILMET_30MIN,UZ,8.0
WD_LEVEL2,"Wind direction (mean, 30 min)",30_MIN,WD,MEAN_PREC,DEG,LEVEL2_DATA_30MIN,WD,8.0
WD_RAW,"Wind direction (mean, 30 min, raw)",30_MIN,WD,MEAN_PREC,DEG,LEVEL1_SOILMET_30MIN,WD,8.0
WD_STD_RAW,"Wind direction (std dev, 30 min, raw)",30_MIN,WD,STDDEV_PREC,DEG,LEVEL1_SOILMET_30MIN,WD_STD,8.0
WS_LEVEL2,"Wind speed (mean, 30 min)",30_MIN,WS,MEAN_PREC,MS-1,LEVEL2_DATA_30MIN,WS,8.0
WS_RAW,"Wind speed (mean, 30 min, raw)",30_MIN,WS,MEAN_PREC,MS-1,LEVEL1_SOILMET_30MIN,WS,8.0
WS_RES_LEVEL2,Resultant wind speed,30_MIN,WS,INST,MS-1,LEVEL2_DATA_30MIN,WS_RES,8.0
WS_RES_RAW,Resultant wind speed (Raw),30_MIN,WS,INST,MS-1,LEVEL1_SOILMET_30MIN,WS_RES,8.0
WS_STD_RAW,"Wind speed (std dev, 30 min, raw)",30_MIN,WS,STDDEV_PREC,MS-1,LEVEL1_SOILMET_30MIN,WS_STD,8.0
RN_LEVEL2,Net Radiation,30_MIN,RN,MEAN_PREC,WM-2,LEVEL2_DATA_30MIN,RN,8.0
CF_INTEN_LEVEL2_WTMN,COSMOS intensity factor (weighted mean method),1_HOUR,FACTOR,INST,UNITLESS,LEVEL2_VWC_WTMN_1HOUR,COSMOSFACTOR_INTEN,8.0
COSMOS_VWC_WTMN,COSMOS sensor VWC weighted mean method,1_HOUR,VWC,MEAN_PREC,PCT,LEVEL2_VWC_WTMN_1HOUR,COSMOS_VWC,8.0
CTS_MOD_CORR_LEVEL2_WTMN,"Moderated counts corrected (1 hour, weighted mean method)",1_HOUR,CTS,TOTAL_PREC,CTS,LEVEL2_VWC_WTMN_1HOUR,CTS_MOD_CORR,8.0
D86_150M_WTMN,d86 150m (1 hour),1_HOUR,EFF_DEPTH,MEAN_PREC,CM,LEVEL2_VWC_WTMN_1HOUR,D86_150M,8.0
D86_1M_WTMN,d86 1m (1 hour),1_HOUR,EFF_DEPTH,MEAN_PREC,CM,LEVEL2_VWC_WTMN_1HOUR,D86_1M,8.0
D86_200M_WTMN,d86 200m (1 hour),1_HOUR,EFF_DEPTH,MEAN_PREC,CM,LEVEL2_VWC_WTMN_1HOUR,D86_200M,8.0
D86_25M_WTMN,d86 25m (1 hour),1_HOUR,EFF_DEPTH,MEAN_PREC,CM,LEVEL2_VWC_WTMN_1HOUR,D86_25M,8.0
D86_5M_WTMN,d86 5m (1 hour),1_HOUR,EFF_DEPTH,MEAN_PREC,CM,LEVEL2_VWC_WTMN_1HOUR,D86_5M,8.0
D86_75M_WTMN,d86 75m (1 hour),1_HOUR,EFF_DEPTH,MEAN_PREC,CM,LEVEL2_VWC_WTMN_1HOUR,D86_75M,8.0
COSMOS_VWC_1DAY_SIMPLE,"COSMOS sensor soil moisture content, simple method (1 day)",1_DAY,VWC,MEAN_PREC,PCT,LEVEL2_VWC_SIMPLE_1DAY,COSMOS_VWC,8.0
CTS_MOD_CORR_L2_1DAY_SIMPLE,"Moderated counts corrected (1 day, simple method)",1_DAY,CTS,TOTAL_PREC,CTS,LEVEL2_VWC_SIMPLE_1DAY,CTS_MOD_CORR,8.0
EFF_DEPTH_1DAY_SIMPLE,COSMOS probe effective depth (1 day),1_DAY,EFF_DEPTH,MEAN_PREC,CM,LEVEL2_VWC_SIMPLE_1DAY,EFF_DEPTH,8.0
COSMOS_VWC_1DAY_WTMN_RAW,COSMOS sensor VWC weighted mean method (raw),1_DAY,VWC,MEAN_PREC,PCT,LEVEL2_VWC_WTMN_1DAY,COSMOS_VWC,2.0
D86_150M_1DAY_WTMN,d86 150m (1 day),1_DAY,EFF_DEPTH,MEAN_PREC,CM,LEVEL2_VWC_WTMN_1DAY,D86_150M,8.0
D86_1M_1DAY_WTMN,d86 1m (1 day),1_DAY,EFF_DEPTH,MEAN_PREC,CM,LEVEL2_VWC_WTMN_1DAY,D86_1M,8.0
D86_200M_1DAY_WTMN,d86 200m (1 day),1_DAY,EFF_DEPTH,MEAN_PREC,CM,LEVEL2_VWC_WTMN_1DAY,D86_200M,8.0
D86_25M_1DAY_WTMN,d86 25m (1 day),1_DAY,EFF_DEPTH,MEAN_PREC,CM,LEVEL2_VWC_WTMN_1DAY,D86_25M,8.0
D86_5M_1DAY_WTMN,d86 5m (1 day),1_DAY,EFF_DEPTH,MEAN_PREC,CM,LEVEL2_VWC_WTMN_1DAY,D86_5M,8.0
D86_75M_1DAY_WTMN,Typical COSMOS sensor sensing depth (1 day),1_DAY,EFF_DEPTH,MEAN_PREC,CM,LEVEL2_VWC_WTMN_1DAY,D86_75M,8.0
BACK_CTS_RAW,Background neutron counts,1_HOUR,CTS,TOTAL_PREC,CTS,LEVEL1_NMDB_1HOUR,NMDB_COUNTS,8.0
BATTV_RAW,Datalogger battery voltage,30_MIN,VOLTAGE,MEAN_PREC,V,LEVEL1_SOILMET_30MIN,BATTV,8.0
BUCKET_LEVEL_RT_RAW,Level of rain gauge bucket,1_MIN,BUCKET_LEVEL,INST,MM,LEVEL1_PRECIP_1MIN,P_BUCKET_RT,8.0
COSMOS_VWC_SIMPLE,"COSMOS sensor soil moisture content, simple method (1 hour)",1_HOUR,VWC,MEAN_PREC,PCT,LEVEL2_VWC_SIMPLE_1HOUR,COSMOS_VWC,8.0
COSMOS_VWC_V1,COSMOS sensor soil moisture from Version 1 of Level 2 data,1_HOUR,VWC,MEAN_PREC,PCT,LEVEL2_HOURLY_20160107,COSMOS_VWC,8.0
CF_INTEN_LEVEL2_SIMPLE,COSMOS intensity factor (simple method),1_HOUR,FACTOR,INST,UNITLESS,LEVEL2_VWC_SIMPLE_1HOUR,COSMOSFACTOR_INTEN,8.0
COV_TS_UX_LEVEL2,Covariance between sonic temperature and UX wind speed component,30_MIN,WS,INST,MS-1,LEVEL2_DATA_30MIN,COV_TS_UX,8.0
COV_TS_UX_RAW,Covariance between sonic temperature and UX wind speed component (raw),30_MIN,WS,INST,MS-1,LEVEL1_SOILMET_30MIN,COV_TS_UX,8.0
COV_TS_UY_LEVEL2,Covariance between sonic temperature and UY wind speed component,30_MIN,WS,INST,MS-1,LEVEL2_DATA_30MIN,COV_TS_UY,8.0
COV_TS_UY_RAW,Covariance between sonic temperature and UY wind speed component (Raw),30_MIN,WS,INST,MS-1,LEVEL1_SOILMET_30MIN,COV_TS_UY,8.0
COV_TS_UZ_LEVEL2,Covariance between sonic temperature and UZ wind speed component,30_MIN,WS,INST,MS-1,LEVEL2_DATA_30MIN,COV_TS_UZ,8.0
COV_TS_UZ_RAW,Covariance between sonic temperature and UZ wind speed component (Raw),30_MIN,WS,INST,MS-1,LEVEL1_SOILMET_30MIN,COV_TS_UZ,8.0
COV_UX_UY_LEVEL2,Covariance of wind speed components UX and UY,30_MIN,WS,INST,MS-1,LEVEL2_DATA_30MIN,COV_UX_UY,8.0
COV_UX_UY_RAW,Covariance of wind speed components UX and UY (Raw),30_MIN,WS,INST,MS-1,LEVEL1_SOILMET_30MIN,COV_UX_UY,8.0
COV_UX_UZ_LEVEL2,Covariance of wind speed components UX and UZ,30_MIN,WS,INST,MS-1,LEVEL2_DATA_30MIN,COV_UX_UZ,8.0
COV_UX_UZ_RAW,Covariance of wind speed components UX and UZ (Raw),30_MIN,WS,INST,MS-1,LEVEL1_SOILMET_30MIN,COV_UX_UZ,8.0
COV_UY_UZ_LEVEL2,Covariance of wind speed components UY and UZ,30_MIN,WS,INST,MS-1,LEVEL2_DATA_30MIN,COV_UY_UZ,8.0
COV_UY_UZ_RAW,Covariance of wind speed components UY and UZ (Raw),30_MIN,WS,INST,MS-1,LEVEL1_SOILMET_30MIN,COV_UY_UZ,8.0
CTS_BARE_LEVEL2,Bare counts,30_MIN,CTS,TOTAL_PREC,CTS,LEVEL2_DATA_30MIN,CTS_BARE,8.0
CTS_BARE_RAW,"Bare counts (30 min,raw)",30_MIN,CTS,TOTAL_PREC,CTS,LEVEL1_SOILMET_30MIN,CTS_BARE,8.0
CTS_MOD_DIAG_1_RAW,COSMOS Moderated probe diagnostic 1 (raw),30_MIN,DIAGNOSTIC,INST,UNITLESS,LEVEL1_SOILMET_30MIN,CTS_MOD_DIAG_1,8.0
CTS_MOD_DIAG_2_RAW,COSMOS Moderated probe diagnostic 2 (raw),30_MIN,DIAGNOSTIC,INST,UNITLESS,LEVEL1_SOILMET_30MIN,CTS_MOD_DIAG_2,8.0
CTS_MOD_DIAG_3_RAW,COSMOS Moderated probe diagnostic 3 (raw),30_MIN,DIAGNOSTIC,INST,UNITLESS,LEVEL1_SOILMET_30MIN,CTS_MOD_DIAG_3,8.0
CTS_MOD_DIAG_4_RAW,COSMOS Moderated probe diagnostic 4 (raw),30_MIN,DIAGNOSTIC,INST,UNITLESS,LEVEL1_SOILMET_30MIN,CTS_MOD_DIAG_4,8.0
CTS_MOD_DIAG_5_RAW,COSMOS Moderated probe diagnostic 5 (raw),30_MIN,DIAGNOSTIC,INST,UNITLESS,LEVEL1_SOILMET_30MIN,CTS_MOD_DIAG_5,8.0
CTS_MOD_LEVEL2,Moderated counts,30_MIN,CTS,TOTAL_PREC,CTS,LEVEL2_DATA_30MIN,CTS_MOD,8.0
CTS_MOD_RAW,"Moderated counts (30 min, raw)",30_MIN,CTS,TOTAL_PREC,CTS,LEVEL1_SOILMET_30MIN,CTS_MOD,8.0
CTS_MOD_RH_LEVEL2,Relative humidity in COSMOS moderated tube,30_MIN,RH,INST,PCT,LEVEL2_DATA_30MIN,CTS_MOD_RH,8.0
CTS_MOD_RH_RAW,Relative humidity in COSMOS moderated tube (raw),30_MIN,RH,INST,PCT,LEVEL1_SOILMET_30MIN,CTS_MOD_RH,8.0
CTS_MOD_TEMP_LEVEL2,Temperature in COSMOS moderated tube,30_MIN,TEMP,INST,DEGC,LEVEL2_DATA_30MIN,CTS_MOD_TEMP,8.0
CTS_MOD_TEMP_RAW,Temperature in COSMOS moderated tube (raw),30_MIN,TEMP,INST,DEGC,LEVEL1_SOILMET_30MIN,CTS_MOD_TEMP,8.0
CTS_MOD_CORR_LEVEL2_SIMPLE,"Moderated counts corrected (1 hour, simple method)",1_HOUR,CTS,TOTAL_PREC,CTS,LEVEL2_VWC_SIMPLE_1HOUR,CTS_MOD_CORR,8.0
CTS_MOD2_LEVEL2,Moderated counts 2,30_MIN,CTS,TOTAL_PREC,CTS,LEVEL2_DATA_30MIN,CTS_MOD2,8.0
CTS_MOD2_RAW,"Moderated counts 2 (30 min,raw)",30_MIN,CTS,TOTAL_PREC,CTS,LEVEL1_SOILMET_30MIN,CTS_MOD2,8.0
CTS_SNOW_DIAG_1_RAW,COSMOS Snow probe diagnostic 1 (raw),30_MIN,DIAGNOSTIC,INST,UNITLESS,LEVEL1_SOILMET_30MIN,CTS_SNOW_DIAG_1,8.0
CTS_SNOW_DIAG_2_RAW,COSMOS Snow probe diagnostic 2 (raw),30_MIN,DIAGNOSTIC,INST,UNITLESS,LEVEL1_SOILMET_30MIN,CTS_SNOW_DIAG_2,8.0
CTS_SNOW_DIAG_3_RAW,COSMOS Snow probe diagnostic 3 (raw),30_MIN,DIAGNOSTIC,INST,UNITLESS,LEVEL1_SOILMET_30MIN,CTS_SNOW_DIAG_3,8.0
CTS_SNOW_DIAG_4_RAW,COSMOS Snow probe diagnostic 4 (raw),30_MIN,DIAGNOSTIC,INST,UNITLESS,LEVEL1_SOILMET_30MIN,CTS_SNOW_DIAG_4,8.0
CTS_SNOW_DIAG_5_RAW,COSMOS Snow probe diagnostic 5 (raw),30_MIN,DIAGNOSTIC,INST,UNITLESS,LEVEL1_SOILMET_30MIN,CTS_SNOW_DIAG_5,8.0
CTS_SNOW_LEVEL2,Below ground counts,30_MIN,CTS,TOTAL_PREC,CTS,LEVEL2_DATA_30MIN,CTS_SNOW,8.0
CTS_SNOW_RAW,"Below ground counts (30 min,raw)",30_MIN,CTS,TOTAL_PREC,CTS,LEVEL1_SOILMET_30MIN,CTS_SNOW,8.0
CTS_SNOW_RH_LEVEL2,Relative humidity in COSMOS Snow tube,30_MIN,RH,INST,PCT,LEVEL2_DATA_30MIN,CTS_SNOW_RH,8.0
CTS_SNOW_RH_RAW,Relative humidity in COSMOS Snow tube (raw),30_MIN,RH,INST,PCT,LEVEL1_SOILMET_30MIN,CTS_SNOW_RH,8.0
CTS_SNOW_TEMP_LEVEL2,Temperature in COSMOS Snow tube,30_MIN,TEMP,INST,DEGC,LEVEL2_DATA_30MIN,CTS_SNOW_TEMP,8.0
CTS_SNOW_TEMP_RAW,Temperature in COSMOS Snow tube (raw),30_MIN,TEMP,INST,DEGC,LEVEL1_SOILMET_30MIN,CTS_SNOW_TEMP,8.0
E_SAT_MEAN_LEVEL2,Saturated water vapour pressure,30_MIN,VAPOUR_P,INST,KPA,LEVEL2_DATA_30MIN,E_SAT_MEAN,8.0
E_SAT_MEAN_RAW,Saturated water vapour pressure (Raw),30_MIN,VAPOUR_P,INST,KPA,LEVEL1_SOILMET_30MIN,E_SAT_MEAN,8.0
EFF_DEPTH_SIMPLE,COSMOS probe effective depth,1_HOUR,EFF_DEPTH,MEAN_PREC,CM,LEVEL2_VWC_SIMPLE_1HOUR,EFF_DEPTH,8.0
G1_CAL_RAW,Calibration (multiplier) for soil heat flux plate 1,30_MIN,HEATFLUX,INST,UNITLESS,LEVEL1_SOILMET_30MIN,G1_CAL,8.0
G1_LEVEL2,Soil heat flux 1 ,30_MIN,HEATFLUX,MEAN_PREC,WM-2,LEVEL2_DATA_30MIN,G1,8.0
G1_MV_RAW,Uncalibrated soil heat flux 1,30_MIN,HEATFLUX,INST,MV,LEVEL1_SOILMET_30MIN,G1_MV,8.0
G1_RAW,Soil heat flux 1 (Raw),30_MIN,HEATFLUX,MEAN_PREC,WM-2,LEVEL1_SOILMET_30MIN,G1,8.0
G1_STD_RAW,Soil heat flux 1 std dev,30_MIN,HEATFLUX,INST,WM-2,LEVEL1_SOILMET_30MIN,G1_STD,8.0
G2_CAL_RAW,Calibration (multiplier) for soil heat flux plate 2,30_MIN,HEATFLUX,INST,UNITLESS,LEVEL1_SOILMET_30MIN,G2_CAL,8.0
G2_LEVEL2,Soil heat flux 2,30_MIN,HEATFLUX,MEAN_PREC,WM-2,LEVEL2_DATA_30MIN,G2,8.0
G2_MV_RAW,Uncalibrated soil heat flux 2,30_MIN,HEATFLUX,INST,MV,LEVEL1_SOILMET_30MIN,G2_MV,8.0
G2_RAW,Soil heat flux 2 (Raw),30_MIN,HEATFLUX,MEAN_PREC,WM-2,LEVEL1_SOILMET_30MIN,G2,8.0
G2_STD_RAW,Soil heat flux 2 std dev,30_MIN,HEATFLUX,INST,WM-2,LEVEL1_SOILMET_30MIN,G2_STD,8.0
PE_LEVEL2,Potential evaporation (1 day),1_DAY,PE,TOTAL_PREC,MM,LEVEL2_DATA_1DAY,PE,8.0
HS_LEVEL2,Sensible heat flux (Level 2),30_MIN,HEATFLUX,INST,WM-2,LEVEL2_DATA_30MIN,HS,8.0
HS_RAW,Sensible heat flux (Raw),30_MIN,HEATFLUX,INST,WM-2,LEVEL1_SOILMET_30MIN,HS,8.0
LWIN_LEVEL2,"Incoming longwave radiation (corrected) (mean, 30 min)",30_MIN,LWIN,MEAN_PREC,WM-2,LEVEL2_DATA_30MIN,LWIN,8.0
LWIN_RAW,"Incoming longwave radiation (corrected) (30 min, raw)",30_MIN,LWIN,MEAN_PREC,WM-2,LEVEL1_SOILMET_30MIN,LWIN,8.0
LWIN_STD_RAW,"Incoming longwave radiation (corrected) (std dev, 30 min, raw)",30_MIN,LWIN,STDDEV_PREC,WM-2,LEVEL1_SOILMET_30MIN,LWIN_STD,8.0
LWIN_UNC_RAW,"Incoming longwave radiation (uncorrected) (mean, 30 min, raw)",30_MIN,LWIN_UNC,MEAN_PREC,WM-2,LEVEL1_SOILMET_30MIN,LWIN_UNC,8.0
LWIN_UNC_STD_RAW,"Incoming longwave radiation (uncorrected) (std dev, 30 min, raw)",30_MIN,LWIN_UNC,STDDEV_PREC,WM-2,LEVEL1_SOILMET_30MIN,LWIN_UNC_STD,8.0
LWOUT_LEVEL2,"Outgoing longwave radiation (corrected) (mean, 30 min)",30_MIN,LWOUT,MEAN_PREC,WM-2,LEVEL2_DATA_30MIN,LWOUT,8.0
LWOUT_RAW,"Outgoing longwave radiation (corrected) (mean, 30 min, raw)",30_MIN,LWOUT,MEAN_PREC,WM-2,LEVEL1_SOILMET_30MIN,LWOUT,8.0
LWOUT_STD_RAW,"Outgoing longwave radiation (corrected) (std dev, 30 min, raw)",30_MIN,LWOUT,STDDEV_PREC,WM-2,LEVEL1_SOILMET_30MIN,LWOUT_STD,8.0
LWOUT_UNC_RAW,"Outgoing longwave radiation (uncorrected) (mean, 30 min, raw)",30_MIN,LWOUT_UNC,MEAN_PREC,WM-2,LEVEL1_SOILMET_30MIN,LWOUT_UNC,8.0
LWOUT_UNC_STD_RAW,"Outgoing longwave radiation (uncorrected) (std dev, 30 min, raw)",30_MIN,LWOUT_UNC,STDDEV_PREC,WM-2,LEVEL1_SOILMET_30MIN,LWOUT_UNC_STD,8.0
METPAK_SAMPLES_RAW,Number of half hourly samples taken (Raw),30_MIN,SAMPLES,TOTAL_PREC,SAMPLES,LEVEL1_SOILMET_30MIN,METPAK_SAMPLES,8.0
P_ACCUMULATED_NRT_RAW,Sum of precipitation over the last sample interval (non-real time),1_MIN,PRECIPITATION,TOTAL_PREC,MM,LEVEL1_PRECIP_1MIN,P_ACCUMULATED_NRT,8.0
P_ACCUMULATEDAL_NRT_RAW,Sum of precipitation since the last device start,1_MIN,PRECIPITATION,TOTAL_PREC,MM,LEVEL1_PRECIP_1MIN,P_ACCUMULATEDAL_NRT,8.0
P_BUCKET_NRT_RAW,Filtered bucket content,1_MIN,PRECIPITATION,INST,MM,LEVEL1_PRECIP_1MIN,P_BUCKET_NRT,8.0
TA_LEVEL3,"Air temperature (mean, 30 min)",30_MIN,TA,MEAN_PREC,DEGC,LEVEL3_DATA_30MIN,TA,8.0
CTS_MOD_LEVEL2_TEMP,Hourly raw counts,1_HOUR,CTS,TOTAL_PREC,CTS,LEVEL2_VWC_GAMMA_1HOUR,CTS_MOD,8.0
PRECIP_TIPPING_A_RAW,Precipitation tipping bucket raingauge (counter A),30_MIN,PRECIPITATION_TIPPING,TOTAL_PREC,MM,LEVEL1_SOILMET_30MIN,PRECIP_TIPPING_A,8.0
PRECIP_TIPPING_B_RAW,Precipitation tipping bucket raingauge (counter B),30_MIN,PRECIPITATION_TIPPING,TOTAL_PREC,MM,LEVEL1_SOILMET_30MIN,PRECIP_TIPPING_B,8.0
PRECIP_TIPPING_A_RAW_1MIN,Precipitation tipping bucket raingauge (counter A) (1 minute),1_MIN,PRECIPITATION_TIPPING,TOTAL_PREC,MM,LEVEL1_PRECIP_1MIN,PRECIP_TIPPING_A,8.0
PRECIP_TIPPING_B_RAW_1MIN,Precipitation tipping bucket raingauge (counter B) (1 minute),1_MIN,PRECIPITATION_TIPPING,TOTAL_PREC,MM,LEVEL1_PRECIP_1MIN,PRECIP_TIPPING_B,8.0
IMAGE_RED_LAND1,The value of red found in LAND1 masked pheno cam photos,1_MIN,IMAGE_COLOUR_AMOUNT,INST,UNITLESS,LEVEL1_IMAGE_RGB_LAND1,RED,2.0
IMAGE_GREEN_LAND1,The value of green found in LAND1 masked pheno cam photos,1_MIN,IMAGE_COLOUR_AMOUNT,INST,UNITLESS,LEVEL1_IMAGE_RGB_LAND1,GREEN,2.0
IMAGE_BLUE_LAND1,The value of blue found in LAND1 masked pheno cam photos,1_MIN,IMAGE_COLOUR_AMOUNT,INST,UNITLESS,LEVEL1_IMAGE_RGB_LAND1,BLUE,2.0
IMAGE_RCC_LAND1,The proportion of red found in LAND1 masked pheno cam photos,1_MIN,IMAGE_COLOUR_PROPORTION,INST,UNITLESS,LEVEL1_IMAGE_RGB_LAND1,RCC,2.0
IMAGE_GCC_LAND1,The proportion of green found in LAND1 masked pheno cam photos,1_MIN,IMAGE_COLOUR_PROPORTION,INST,UNITLESS,LEVEL1_IMAGE_RGB_LAND1,GCC,2.0
IMAGE_BCC_LAND1,The proportion of blue found in LAND1 masked pheno cam photos,1_MIN,IMAGE_COLOUR_PROPORTION,INST,UNITLESS,LEVEL1_IMAGE_RGB_LAND1,BCC,2.0
IMAGE_RED_LAND2,The value of red found in LAND2 masked pheno cam photos,1_MIN,IMAGE_COLOUR_AMOUNT,INST,UNITLESS,LEVEL1_IMAGE_RGB_LAND2,RED,2.0
IMAGE_GREEN_LAND2,The value of green found in LAND2 masked pheno cam photos,1_MIN,IMAGE_COLOUR_AMOUNT,INST,UNITLESS,LEVEL1_IMAGE_RGB_LAND2,GREEN,2.0
IMAGE_BLUE_LAND2,The value of blue found in LAND2 masked pheno cam photos,1_MIN,IMAGE_COLOUR_AMOUNT,INST,UNITLESS,LEVEL1_IMAGE_RGB_LAND2,BLUE,2.0
IMAGE_RCC_LAND2,The proportion of red found in LAND2 masked pheno cam photos,1_MIN,IMAGE_COLOUR_PROPORTION,INST,UNITLESS,LEVEL1_IMAGE_RGB_LAND2,RCC,2.0
IMAGE_GCC_LAND2,The proportion of green found in LAND2 masked pheno cam photos,1_MIN,IMAGE_COLOUR_PROPORTION,INST,UNITLESS,LEVEL1_IMAGE_RGB_LAND2,GCC,2.0
IMAGE_BCC_LAND2,The proportion of blue found in LAND2 masked pheno cam photos,1_MIN,IMAGE_COLOUR_PROPORTION,INST,UNITLESS,LEVEL1_IMAGE_RGB_LAND2,BCC,2.0
IMAGE_RED_LAND1_DAILY,The daily max value of red found in LAND1 masked pheno cam photos,1_DAY,IMAGE_COLOUR_AMOUNT,INST,UNITLESS,LEVEL2_IMAGE_RGB_LAND1_DAILY,RED,2.0
IMAGE_GREEN_LAND1_DAILY,The daily max value of green found in LAND1 masked pheno cam photos,1_DAY,IMAGE_COLOUR_AMOUNT,INST,UNITLESS,LEVEL2_IMAGE_RGB_LAND1_DAILY,GREEN,2.0
IMAGE_BLUE_LAND1_DAILY,The daily max value of blue found in LAND1 masked pheno cam photos,1_DAY,IMAGE_COLOUR_AMOUNT,INST,UNITLESS,LEVEL2_IMAGE_RGB_LAND1_DAILY,BLUE,2.0
IMAGE_RCC_LAND1_DAILY,The daily max proportion of red found in LAND1 masked pheno cam photos,1_DAY,IMAGE_COLOUR_PROPORTION,INST,UNITLESS,LEVEL2_IMAGE_RGB_LAND1_DAILY,RCC,2.0
IMAGE_GCC_LAND1_DAILY,The daily max proportion of green found in LAND1 masked pheno cam photos,1_DAY,IMAGE_COLOUR_PROPORTION,INST,UNITLESS,LEVEL2_IMAGE_RGB_LAND1_DAILY,GCC,2.0
IMAGE_BCC_LAND1_DAILY,The daily max proportion of blue found in LAND1 masked pheno cam photos,1_DAY,IMAGE_COLOUR_PROPORTION,INST,UNITLESS,LEVEL2_IMAGE_RGB_LAND1_DAILY,BCC,2.0
IMAGE_RED_LAND2_DAILY,The daily max value of red found in LAND2 masked pheno cam photos,1_DAY,IMAGE_COLOUR_AMOUNT,INST,UNITLESS,LEVEL2_IMAGE_RGB_LAND2_DAILY,RED,2.0
IMAGE_GREEN_LAND2_DAILY,The daily max value of green found in LAND2 masked pheno cam photos,1_DAY,IMAGE_COLOUR_AMOUNT,INST,UNITLESS,LEVEL2_IMAGE_RGB_LAND2_DAILY,GREEN,2.0
IMAGE_BLUE_LAND2_DAILY,The daily max value of blue found in LAND2 masked pheno cam photos,1_DAY,IMAGE_COLOUR_AMOUNT,INST,UNITLESS,LEVEL2_IMAGE_RGB_LAND2_DAILY,BLUE,2.0
IMAGE_RCC_LAND2_DAILY,The daily max proportion of red found in LAND2 masked pheno cam photos,1_DAY,IMAGE_COLOUR_PROPORTION,INST,UNITLESS,LEVEL2_IMAGE_RGB_LAND2_DAILY,RCC,2.0
IMAGE_GCC_LAND2_DAILY,The daily max proportion of green found in LAND2 masked pheno cam photos,1_DAY,IMAGE_COLOUR_PROPORTION,INST,UNITLESS,LEVEL2_IMAGE_RGB_LAND2_DAILY,GCC,2.0
IMAGE_BCC_LAND2_DAILY,The daily max proportion of blue found in LAND2 masked pheno cam photos,1_DAY,IMAGE_COLOUR_PROPORTION,INST,UNITLESS,LEVEL2_IMAGE_RGB_LAND2_DAILY,BCC,2.0
COSMOS_VWC_1DAY_RAW_OLD,COSMOS sensor VWC (raw),1_DAY,VWC,MEAN_PREC,PCT,LEVEL2_VWC_GAMMA_1DAY_20230213,COSMOS_VWC,8.0
COSMOS_VWC_OLD,COSMOS sensor VWC,1_HOUR,VWC,MEAN_PREC,PCT,LEVEL2_VWC_GAMMA_1H_20210629,COSMOS_VWC,8.0
PA_LEVEL2_1H,"Atmospheric pressure (mean, 1 hour)",1_HOUR,PA,MEAN_PREC,HPA,LEVEL2_VWC_GAMMA_1HOUR,PA,8.0
PA_LEVEL3_1H,"Atmospheric pressure (mean, 1 hour)",1_HOUR,PA,MEAN_PREC,HPA,LEVEL3_DATA_1HOUR,PA,8.0
ALBEDO,Albedo value (swout/swin),30_MIN,ALBEDO,MEAN_PREC,UNITLESS,LEVEL2_DATA_30MIN,ALBEDO,8.0
COSMOS_VWC_1MONTH,COSMOS VWC monthly mean,1_MONTH,VWC,MEAN_PREC,PCT,LEVEL2_VWC_1MONTH,COSMOS_VWC,8.0
PRECIPITATION_LEVEL3_TOTAL,Total precipitation,1_DAY,PRECIPITATION,TOTAL_PREC,MM,LEVEL3_DATA_1DAY,PRECIP,8.0
Q_LEVEL3_MEAN,Mean absolute humidity (1 day),1_DAY,Q,MEAN_PREC,GM-3,LEVEL3_DATA_1DAY,Q,8.0
CF_INTEN_LEVEL2_GAMMA,COSMOS intensity factor (gamma method),1_HOUR,FACTOR,INST,UNITLESS,LEVEL2_VWC_GAMMA_1HOUR,COSMOSFACTOR_INTEN,8.0
CF_PA_LEVEL2_GAMMA,COSMOS pressure factor (gamma method),1_HOUR,FACTOR,INST,UNITLESS,LEVEL2_VWC_GAMMA_1HOUR,COSMOSFACTOR_PA,8.0
CF_Q_LEVEL2_GAMMA,COSMOS water vapour factor (gamma method),1_HOUR,FACTOR,INST,UNITLESS,LEVEL2_VWC_GAMMA_1HOUR,COSMOSFACTOR_Q,8.0
COSMOS_VWC,COSMOS sensor VWC,1_HOUR,VWC,MEAN_PREC,PCT,LEVEL2_VWC_GAMMA_1HOUR,COSMOS_VWC,8.0
COSMOS_VWC_1DAY,COSMOS sensor VWC,1_DAY,VWC,MEAN_PREC,PCT,LEVEL2_DATA_1DAY,COSMOS_VWC,8.0
CTS_MOD_CORR_LEVEL2,Corrected moderated counts,1_HOUR,CTS,TOTAL_PREC,CTS,LEVEL2_VWC_GAMMA_1HOUR,CTS_MOD_CORR,8.0
CTS_MOD_CORR_LEVEL2_1DAY,Corrected moderated counts (1 day),1_DAY,CTS,TOTAL_PREC,CTS,LEVEL2_DATA_1DAY,CTS_MOD_CORR,8.0
PE_LEVEL2_30M,Potential evaporation (30 min),30_MIN,PE,TOTAL_PREC,MM,LEVEL2_DATA_30MIN,PE,8.0
COSMOS_VWC_1DAY_RAW,COSMOS sensor VWC (raw),1_DAY,VWC,MEAN_PREC,PCT,LEVEL2_DATA_1DAY,COSMOS_VWC_NO_SNOW,8.0
PE_LEVEL2_1H,Potential evaporation (1 hour),1_HOUR,PE,TOTAL_PREC,MM,LEVEL2_PE_1HOUR,PE,8.0
COSMOS_VWC_1DAY_RAW_9TO9,COSMOS sensor VWC (9am previous day to 9am this day),1_DAY,VWC,MEAN_PREC,PCT,LEVEL2_VWC_GAMMA_9TO9_1DAY,COSMOS_VWC,8.0
CTS_MOD_CORR_L2_1DAY_9TO9,Corrected moderated counts (9am previous day to 9am this day),1_DAY,CTS,TOTAL_PREC,CTS,LEVEL2_VWC_GAMMA_9TO9_1DAY,CTS_MOD_CORR,8.0
D86_150M_1DAY_9TO9,d86 150m (9am previous day to 9am this day),1_DAY,EFF_DEPTH,MEAN_PREC,CM,LEVEL2_VWC_GAMMA_9TO9_1DAY,D86_150M,8.0
D86_1M_1DAY_9TO9,d86 1m (9am previous day to 9am this day),1_DAY,EFF_DEPTH,MEAN_PREC,CM,LEVEL2_VWC_GAMMA_9TO9_1DAY,D86_1M,8.0
D86_200M_1DAY_9TO9,d86 200m (9am previous day to 9am this day),1_DAY,EFF_DEPTH,MEAN_PREC,CM,LEVEL2_VWC_GAMMA_9TO9_1DAY,D86_200M,8.0
D86_25M_1DAY_9TO9,d86 25m (9am previous day to 9am this day),1_DAY,EFF_DEPTH,MEAN_PREC,CM,LEVEL2_VWC_GAMMA_9TO9_1DAY,D86_25M,8.0
D86_5M_1DAY_9TO9,d86 5m (9am previous day to 9am this day),1_DAY,EFF_DEPTH,MEAN_PREC,CM,LEVEL2_VWC_GAMMA_9TO9_1DAY,D86_5M,8.0
D86_75M_1DAY_9TO9,Typical COSMOS sensor sensing depth (9am previous day to 9am this day),1_DAY,EFF_DEPTH,MEAN_PREC,CM,LEVEL2_VWC_GAMMA_9TO9_1DAY,D86_75M,8.0
TDT2_VWC_LEVEL2_MEAN,Mean TDT 2 soil VWC (1 day),1_DAY,VWC,MEAN_PREC,PCT,LEVEL2_DATA_1DAY,TDT2_VWC,8.0
TDT3_TSOIL_LEVEL2_MEAN,Mean TDT 3 soil temperature (1 day),1_DAY,TSOIL,MEAN_PREC,DEGC,LEVEL2_DATA_1DAY,TDT3_TSOIL,8.0
TDT3_VWC_LEVEL2_MEAN,Mean TDT 3 soil VWC (1 day),1_DAY,VWC,MEAN_PREC,PCT,LEVEL2_DATA_1DAY,TDT3_VWC,8.0
TDT4_TSOIL_LEVEL2_MEAN,Mean TDT 4 soil temperature (1 day),1_DAY,TSOIL,MEAN_PREC,DEGC,LEVEL2_DATA_1DAY,TDT4_TSOIL,8.0
TDT4_VWC_LEVEL2_MEAN,Mean TDT 4 soil VWC (1 day),1_DAY,VWC,MEAN_PREC,PCT,LEVEL2_DATA_1DAY,TDT4_VWC,8.0
TDT5_TSOIL_LEVEL2_MEAN,Mean TDT 5 soil temperature (1 day),1_DAY,TSOIL,MEAN_PREC,DEGC,LEVEL2_DATA_1DAY,TDT5_TSOIL,8.0
TDT5_VWC_LEVEL2_MEAN,Mean TDT 5 soil VWC (1 day),1_DAY,VWC,MEAN_PREC,PCT,LEVEL2_DATA_1DAY,TDT5_VWC,8.0
TDT6_TSOIL_LEVEL2_MEAN,Mean TDT 6 soil temperature (1 day),1_DAY,TSOIL,MEAN_PREC,DEGC,LEVEL2_DATA_1DAY,TDT6_TSOIL,8.0
TDT6_VWC_LEVEL2_MEAN,Mean TDT 6 soil VWC (1 day),1_DAY,VWC,MEAN_PREC,PCT,LEVEL2_DATA_1DAY,TDT6_VWC,8.0
TDT7_TSOIL_LEVEL2_MEAN,Mean TDT 7 soil temperature (1 day),1_DAY,TSOIL,MEAN_PREC,DEGC,LEVEL2_DATA_1DAY,TDT7_TSOIL,8.0
TDT7_VWC_LEVEL2_MEAN,Mean TDT 7 soil VWC (1 day),1_DAY,VWC,MEAN_PREC,PCT,LEVEL2_DATA_1DAY,TDT7_VWC,8.0
TDT8_TSOIL_LEVEL2_MEAN,Mean TDT 8 soil temperature (1 day),1_DAY,TSOIL,MEAN_PREC,DEGC,LEVEL2_DATA_1DAY,TDT8_TSOIL,8.0
TDT8_VWC_LEVEL2_MEAN,Mean TDT 8 soil temperature (1 day),1_DAY,VWC,MEAN_PREC,PCT,LEVEL2_DATA_1DAY,TDT8_VWC,8.0
TDT9_TSOIL_LEVEL2_MEAN,Mean TDT 9 soil temperature (1 day),1_DAY,TSOIL,MEAN_PREC,DEGC,LEVEL2_DATA_1DAY,TDT9_TSOIL,8.0
TDT9_VWC_LEVEL2_MEAN,Mean TDT 9 soil temperature (1 day),1_DAY,VWC,MEAN_PREC,PCT,LEVEL2_DATA_1DAY,TDT9_VWC,8.0
WD_LEVEL2_MEAN,Mean wind direction (1 day),1_DAY,WD,MEAN_PREC,DEG,LEVEL2_DATA_1DAY,WD,8.0
LWIN_LEVEL2_TOTAL,Total longwave radiation in (1 day),1_DAY,LWIN,TOTAL_PREC,MJM-2-D,LEVEL2_DATA_1DAY,LWIN,8.0
LWOUT_LEVEL2_TOTAL,Total longwave out (1 day),1_DAY,LWOUT,TOTAL_PREC,MJM-2-D,LEVEL2_DATA_1DAY,LWOUT,8.0
PRECIPITATION_LEVEL2_TOTAL,Total precipitation,1_DAY,PRECIPITATION,TOTAL_PREC,MM,LEVEL2_DATA_1DAY,PRECIP,8.0
SWIN_LEVEL2_TOTAL,Total shortwave in (1 day),1_DAY,SWIN,TOTAL_PREC,MJM-2-D,LEVEL2_DATA_1DAY,SWIN,8.0
SWOUT_LEVEL2_TOTAL,Total shortwave out (1 day),1_DAY,SWOUT,TOTAL_PREC,MJM-2-D,LEVEL2_DATA_1DAY,SWOUT,8.0
WS_LEVEL2_MEAN,Mean wind speed (1 day),1_DAY,WS,MEAN_PREC,MS-1,LEVEL2_DATA_1DAY,WS,8.0
TA_LEVEL2_MIN,Min air temperature (1 day),1_DAY,TA,MEAN_PREC,DEGC,LEVEL2_DATA_1DAY,TA_MIN,8.0
TA_LEVEL2_MAX,Max air temperature (1 day),1_DAY,TA,MEAN_PREC,DEGC,LEVEL2_DATA_1DAY,TA_MAX,8.0
CTS_MOD_CORR_L2_1DAY_WTMN,"Moderated counts corrected (1 day, weighted mean method)",1_DAY,CTS,TOTAL_PREC,CTS,LEVEL2_VWC_WTMN_1DAY,CTS_MOD_CORR,8.0
MSLP,Mean sea level pressure,30_MIN,PA,MEAN_PREC,HPA,LEVEL2_DATA_30MIN,MSLP,8.0
PE_LEVEL2_9TO9,Potential evaporation (9am previous day to 9am this day),1_DAY,PE,TOTAL_PREC,MM,LEVEL2_PE_9TO9_1DAY,PE,8.0
EFF_DEPTH_WTMN,COSMOS probe effective depth,1_HOUR,EFF_DEPTH,MEAN_PREC,CM,LEVEL2_VWC_WTMN_1HOUR,EFF_DEPTH,8.0
EFF_DEPTH_1DAY_WTMN,COSMOS probe effective depth (1 day),1_DAY,EFF_DEPTH,MEAN_PREC,CM,LEVEL2_VWC_WTMN_1DAY,EFF_DEPTH,8.0
EFF_DEPTH,COSMOS probe effective depth,1_HOUR,EFF_DEPTH,MEAN_PREC,CM,LEVEL2_VWC_GAMMA_1HOUR,EFF_DEPTH,8.0
EFF_DEPTH_1DAY,COSMOS probe effective depth (1 day),1_DAY,EFF_DEPTH,MEAN_PREC,CM,LEVEL2_DATA_1DAY,EFF_DEPTH,8.0
EFF_DEPTH_1DAY_9TO9,COSMOS probe effective depth (9am previous day to 9am this day),1_DAY,EFF_DEPTH,MEAN_PREC,CM,LEVEL2_VWC_GAMMA_9TO9_1DAY,EFF_DEPTH,8.0
RH_INTERNAL,Relative humidity inside the enclosure,30_MIN,RH,MEAN_PREC,PCT,LEVEL1_SOILMET_30MIN,SNOW,8.0
PRECIP_RAINE_1MIN,Precipitation from RainE raingauge (1 minute),1_MIN,PRECIPITATION,TOTAL_PREC,MM,LEVEL1_PRECIP_RAINE_1MIN,RAINE_PRECIP_LR,8.0
PRECIP_RAINE_30MIN,Precipitation from RainE raingauge (30 minute),30_MIN,PRECIPITATION,TOTAL_PREC,MM,LEVEL2_DATA_30MIN,PRECIP_RAINE,8.0
PE_LEVEL3_1H,Potential evaporation (1 hour),1_HOUR,PE,TOTAL_PREC,MM,LEVEL3_PE_1HOUR,PE,8.0
D86_150M_1DAY,d86 150m (1 day),1_DAY,EFF_DEPTH,MEAN_PREC,CM,LEVEL2_DATA_1DAY,D86_150M,8.0
D86_150M,d86 150m (1 hour),1_HOUR,EFF_DEPTH,MEAN_PREC,CM,LEVEL2_VWC_GAMMA_1HOUR,D86_150M,8.0
D86_1M_1DAY,d86 1m (1 day),1_DAY,EFF_DEPTH,MEAN_PREC,CM,LEVEL2_DATA_1DAY,D86_1M,8.0
D86_1M,d86 1m (1 hour),1_HOUR,EFF_DEPTH,MEAN_PREC,CM,LEVEL2_VWC_GAMMA_1HOUR,D86_1M,8.0
D86_200M_1DAY,d86 200m (1 day),1_DAY,EFF_DEPTH,MEAN_PREC,CM,LEVEL2_DATA_1DAY,D86_200M,8.0
D86_200M,d86 200m (1 hour),1_HOUR,EFF_DEPTH,MEAN_PREC,CM,LEVEL2_VWC_GAMMA_1HOUR,D86_200M,8.0
D86_25M_1DAY,d86 25m (1 day),1_DAY,EFF_DEPTH,MEAN_PREC,CM,LEVEL2_DATA_1DAY,D86_25M,8.0
D86_25M,d86 25m (1 hour),1_HOUR,EFF_DEPTH,MEAN_PREC,CM,LEVEL2_VWC_GAMMA_1HOUR,D86_25M,8.0
D86_5M_1DAY,d86 5m (1 day),1_DAY,EFF_DEPTH,MEAN_PREC,CM,LEVEL2_DATA_1DAY,D86_5M,8.0
D86_5M,d86 5m (1 hour),1_HOUR,EFF_DEPTH,MEAN_PREC,CM,LEVEL2_VWC_GAMMA_1HOUR,D86_5M,8.0
D86_75M_1DAY,Typical COSMOS sensor sensing depth (1 day),1_DAY,EFF_DEPTH,MEAN_PREC,CM,LEVEL2_DATA_1DAY,D86_75M,8.0
D86_75M,d86 75m (1 hour),1_HOUR,EFF_DEPTH,MEAN_PREC,CM,LEVEL2_VWC_GAMMA_1HOUR,D86_75M,8.0
SMI_LEVEL2,Soil moisture index (from VWC),1_DAY,SMI,MEAN_PREC,UNITLESS,LEVEL2_DATA_1DAY,SMI,8.0
ALBEDO_DAILY_MEAN_LEVEL3,Daily mean albedo value (swout/swin),1_DAY,ALBEDO,MEAN_PREC,UNITLESS,LEVEL3_DATA_1DAY,ALBEDO,8.0
G1_LEVEL3,Soil heat flux 1,30_MIN,HEATFLUX,MEAN_PREC,WM-2,LEVEL3_DATA_30MIN,G1,8.0
G2_LEVEL3,Soil heat flux 2,30_MIN,HEATFLUX,MEAN_PREC,WM-2,LEVEL3_DATA_30MIN,G2,8.0
LWIN_LEVEL3,Longwave in,30_MIN,LWIN,MEAN_PREC,WM-2,LEVEL3_DATA_30MIN,LWIN,8.0
LWOUT_LEVEL3,Longwave out,30_MIN,LWOUT,MEAN_PREC,WM-2,LEVEL3_DATA_30MIN,LWOUT,8.0
SWIN_LEVEL3,Shortwave in ,30_MIN,SWIN,MEAN_PREC,WM-2,LEVEL3_DATA_30MIN,SWIN,8.0
SWOUT_LEVEL3,Shortwave out,30_MIN,SWOUT,MEAN_PREC,WM-2,LEVEL3_DATA_30MIN,SWOUT,8.0
RN_LEVEL3,Net radiation,30_MIN,RN,MEAN_PREC,WM-2,LEVEL3_DATA_30MIN,RN,8.0
SWE_CRNS_1DAY,Snow water equivalent (only given on snow days),1_DAY,SWE,MEAN_MID_24HOUR,MM,LEVEL2_DATA_1DAY,SWE_CRNS,8.0
ALBEDO_DAILY_MEAN,Daily mean albedo value (swout/swin),1_DAY,ALBEDO,MEAN_PREC,UNITLESS,LEVEL2_DATA_1DAY,ALBEDO,8.0
SNOW_DAY,Snow day (derived from daily albedo),1_DAY,SNOW_DAY,INST,UNITLESS,LEVEL2_DATA_1DAY,SNOW,0.0
SWE_CRNS_1HOUR,Snow water equivalent (only given on snow days),1_HOUR,SWE,MEAN_PREC,MM,LEVEL2_VWC_GAMMA_1HOUR,SWE_CRNS,8.0
SWE_SNOWFOX_1DAY,Snow water equivalent (only given on snow days) from snowfox sensor,1_DAY,SWE,MEAN_MID_24HOUR,MM,LEVEL2_DATA_1DAY,SWE_SNOWFOX,8.0
SWE_SNOWFOX_1HOUR,Snow water equivalent (only given on snow days) from snowfox sensor,1_HOUR,SWE,MEAN_PREC,MM,LEVEL2_VWC_GAMMA_1HOUR,SWE_SNOWFOX,8.0
CTS_EST_CRNS_1DAY,The estimated counts during snow days,1_DAY,CTS,TOTAL_PREC,CTS,LEVEL2_DATA_1DAY,CTS_EST_CRNS,8.0
CTS_EST_CRNS_1HOUR,The estimated counts during snow days,1_HOUR,CTS,TOTAL_PREC,CTS,LEVEL2_VWC_GAMMA_1HOUR,CTS_EST_CRNS,8.0
PA_LEVEL3,"Atmospheric pressure (mean, 30 min)",30_MIN,PA,MEAN_PREC,HPA,LEVEL3_DATA_30MIN,PA,8.0
RH_LEVEL3,"Relative humidity (mean, 30 min)",30_MIN,RH,MEAN_PREC,PCT,LEVEL3_DATA_30MIN,RH,8.0
COSMOS_VWC_LEVEL3,COSMOS sensor VWC,1_HOUR,VWC,MEAN_PREC,PCT,LEVEL3_DATA_1HOUR,COSMOS_VWC,8.0
COSMOS_VWC_LEVEL3_1DAY,COSMOS sensor VWC,1_DAY,VWC,MEAN_PREC,PCT,LEVEL3_DATA_1DAY,COSMOS_VWC,8.0
CTS_EST_SNOWFOX_1DAY,The estimated counts during snow days (from snowfox sensor),1_DAY,CTS,TOTAL_PREC,CTS,LEVEL2_DATA_1DAY,CTS_EST_SNOWFOX,8.0
CTS_EST_SNOWFOX_1HOUR,The estimated counts during snow days (from snowfox sensor),1_HOUR,CTS,TOTAL_PREC,CTS,LEVEL2_VWC_GAMMA_1HOUR,CTS_EST_SNOWFOX,8.0
CTS_MOD_CORR_LEVEL3,Corrected moderated counts,1_HOUR,CTS,TOTAL_PREC,CTS,LEVEL3_DATA_1HOUR,CTS_MOD_CORR,8.0
CTS_MOD_CORR_LEVEL3_1DAY,Corrected moderated counts (1 day),1_DAY,CTS,TOTAL_PREC,CTS,LEVEL3_DATA_1DAY,CTS_MOD_CORR,8.0
D86_150M_LEVEL3,d86 150m (1 hour),1_HOUR,EFF_DEPTH,MEAN_PREC,CM,LEVEL3_DATA_1HOUR,D86_150M,8.0
D86_150M_LEVEL3_1DAY,d86 150m (1 day),1_DAY,EFF_DEPTH,MEAN_PREC,CM,LEVEL3_DATA_1DAY,D86_150M,8.0
D86_1M_LEVEL3,d86 1m (1 hour),1_HOUR,EFF_DEPTH,MEAN_PREC,CM,LEVEL3_DATA_1HOUR,D86_1M,8.0
D86_1M_LEVEL3_1DAY,d86 1m (1 day),1_DAY,EFF_DEPTH,MEAN_PREC,CM,LEVEL3_DATA_1DAY,D86_1M,8.0
D86_200M_LEVEL3,d86 200m (1 hour),1_HOUR,EFF_DEPTH,MEAN_PREC,CM,LEVEL3_DATA_1HOUR,D86_200M,8.0
D86_200M_LEVEL3_1DAY,d86 200m (1 day),1_DAY,EFF_DEPTH,MEAN_PREC,CM,LEVEL3_DATA_1DAY,D86_200M,8.0
D86_25M_LEVEL3,d86 25m (1 hour),1_HOUR,EFF_DEPTH,MEAN_PREC,CM,LEVEL3_DATA_1HOUR,D86_25M,8.0
D86_25M_LEVEL3_1DAY,d86 25m (1 day),1_DAY,EFF_DEPTH,MEAN_PREC,CM,LEVEL3_DATA_1DAY,D86_25M,8.0
D86_5M_LEVEL3,d86 5m (1 hour),1_HOUR,EFF_DEPTH,MEAN_PREC,CM,LEVEL3_DATA_1HOUR,D86_5M,8.0
D86_5M_LEVEL3_1DAY,d86 5m (1 day),1_DAY,EFF_DEPTH,MEAN_PREC,CM,LEVEL3_DATA_1DAY,D86_5M,8.0
D86_75M_LEVEL3,d86 75m (1 hour),1_HOUR,EFF_DEPTH,MEAN_PREC,CM,LEVEL3_DATA_1HOUR,D86_75M,8.0
EFF_DEPTH_LEVEL3,COSMOS probe effective depth,1_HOUR,EFF_DEPTH,MEAN_PREC,CM,LEVEL3_DATA_1HOUR,EFF_DEPTH,8.0
EFF_DEPTH_LEVEL3_1DAY,COSMOS probe effective depth (1 day),1_DAY,EFF_DEPTH,MEAN_PREC,CM,LEVEL3_DATA_1DAY,EFF_DEPTH,8.0
D86_75M_LEVEL3_1DAY,Typical COSMOS sensor sensing depth (1 day),1_DAY,EFF_DEPTH,MEAN_PREC,CM,LEVEL3_DATA_1DAY,D86_75M,8.0
